#include "fonts.h"

const uint8_t Font36_Table[] = {

// @0 ' '
0x00, 0x00, 0x00, 0x00, 0x00, 
0x00, 0x00, 0x00, 0x00, 0x00, 
0x00, 0x00, 0x00, 0x00, 0x00, 
0x00, 0x00, 0x00, 0x00, 0x00, 
0x00, 0x00, 0x00, 0x00, 0x00, 
0x00, 0x00, 0x00, 0x00, 0x00, 
0x00, 0x00, 0x00, 0x00, 0x00, 
0x00, 0x00, 0x00, 0x00, 0x00, 
0x00, 0x00, 0x00, 0x00, 0x00, 
0x00, 0x00, 0x00, 0x00, 0x00, 
0x00, 0x00, 0x00, 0x00, 0x00, 
0x00, 0x00, 0x00, 0x00, 0x00, 
0x00, 0x00, 0x00, 0x00, 0x00, 
0x00, 0x00, 0x00, 0x00, 0x00, 
0x00, 0x00, 0x00, 0x00, 0x00, 
0x00, 0x00, 0x00, 0x00, 0x00, 
0x00, 0x00, 0x00, 0x00, 0x00, 
0x00, 0x00, 0x00, 0x00, 0x00, 
0x00, 0x00, 0x00, 0x00, 0x00, 
0x00, 0x00, 0x00, 0x00, 0x00, 
0x00, 0x00, 0x00, 0x00, 0x00, 
0x00, 0x00, 0x00, 0x00, 0x00, 
0x00, 0x00, 0x00, 0x00, 0x00, 
0x00, 0x00, 0x00, 0x00, 0x00, 
0x00, 0x00, 0x00, 0x00, 0x00, 
0x00, 0x00, 0x00, 0x00, 0x00, 
0x00, 0x00, 0x00, 0x00, 0x00, 
0x00, 0x00, 0x00, 0x00, 0x00, 
0x00, 0x00, 0x00, 0x00, 0x00, 
0x00, 0x00, 0x00, 0x00, 0x00, 
0x00, 0x00, 0x00, 0x00, 0x00, 
0x00, 0x00, 0x00, 0x00, 0x00, 
0x00, 0x00, 0x00, 0x00, 0x00, 
0x00, 0x00, 0x00, 0x00, 0x00, 
0x00, 0x00, 0x00, 0x00, 0x00, 
0x00, 0x00, 0x00, 0x00, 0x00, 

// @180 '!'
0x00, 0x00, 0x00, 0x00, 0x00, 
0x00, 0x00, 0x00, 0x00, 0x00, 
0x00, 0x00, 0x00, 0x00, 0x00, 
0x00, 0x00, 0x00, 0x00, 0x00, 
0x00, 0x00, 0x00, 0x00, 0x00, 
0x00, 0x00, 0xF0, 0x00, 0x00, 
0x00, 0x00, 0xF0, 0x00, 0x00, 
0x00, 0x00, 0xF0, 0x00, 0x00, 
0x00, 0x00, 0xF0, 0x00, 0x00, 
0x00, 0x00, 0xF0, 0x00, 0x00, 
0x00, 0x00, 0xF0, 0x00, 0x00, 
0x00, 0x00, 0xF0, 0x00, 0x00, 
0x00, 0x00, 0xF0, 0x00, 0x00, 
0x00, 0x00, 0xF0, 0x00, 0x00, 
0x00, 0x00, 0xF0, 0x00, 0x00, 
0x00, 0x00, 0xF0, 0x00, 0x00, 
0x00, 0x00, 0xF0, 0x00, 0x00, 
0x00, 0x00, 0xF0, 0x00, 0x00, 
0x00, 0x00, 0xF0, 0x00, 0x00, 
0x00, 0x00, 0xF0, 0x00, 0x00, 
0x00, 0x00, 0xF0, 0x00, 0x00, 
0x00, 0x00, 0xF0, 0x00, 0x00, 
0x00, 0x00, 0xF0, 0x00, 0x00, 
0x00, 0x00, 0x00, 0x00, 0x00, 
0x00, 0x00, 0x00, 0x00, 0x00, 
0x00, 0x00, 0x00, 0x00, 0x00, 
0x00, 0x00, 0x00, 0x00, 0x00, 
0x00, 0x00, 0xF0, 0x00, 0x00, 
0x00, 0x00, 0xF0, 0x00, 0x00, 
0x00, 0x00, 0xF0, 0x00, 0x00, 
0x00, 0x00, 0xF0, 0x00, 0x00, 
0x00, 0x00, 0x00, 0x00, 0x00, 
0x00, 0x00, 0x00, 0x00, 0x00, 
0x00, 0x00, 0x00, 0x00, 0x00, 
0x00, 0x00, 0x00, 0x00, 0x00, 
0x00, 0x00, 0x00, 0x00, 0x00, 

// @360 '"'
0x00, 0x00, 0x00, 0x00, 0x00, 
0x00, 0x00, 0x00, 0x00, 0x00, 
0x00, 0x00, 0x00, 0x00, 0x00, 
0x00, 0x00, 0x00, 0x00, 0x00, 
0x00, 0x00, 0x00, 0x00, 0x00, 
0x00, 0x0E, 0x1C, 0x00, 0x00, 
0x00, 0x0E, 0x1C, 0x00, 0x00, 
0x00, 0x0E, 0x1C, 0x00, 0x00, 
0x00, 0x0E, 0x1C, 0x00, 0x00, 
0x00, 0x0E, 0x1C, 0x00, 0x00, 
0x00, 0x0E, 0x1C, 0x00, 0x00, 
0x00, 0x0E, 0x1C, 0x00, 0x00, 
0x00, 0x0E, 0x1C, 0x00, 0x00, 
0x00, 0x0E, 0x1C, 0x00, 0x00, 
0x00, 0x0E, 0x1C, 0x00, 0x00, 
0x00, 0x00, 0x00, 0x00, 0x00, 
0x00, 0x00, 0x00, 0x00, 0x00, 
0x00, 0x00, 0x00, 0x00, 0x00, 
0x00, 0x00, 0x00, 0x00, 0x00, 
0x00, 0x00, 0x00, 0x00, 0x00, 
0x00, 0x00, 0x00, 0x00, 0x00, 
0x00, 0x00, 0x00, 0x00, 0x00, 
0x00, 0x00, 0x00, 0x00, 0x00, 
0x00, 0x00, 0x00, 0x00, 0x00, 
0x00, 0x00, 0x00, 0x00, 0x00, 
0x00, 0x00, 0x00, 0x00, 0x00, 
0x00, 0x00, 0x00, 0x00, 0x00, 
0x00, 0x00, 0x00, 0x00, 0x00, 
0x00, 0x00, 0x00, 0x00, 0x00, 
0x00, 0x00, 0x00, 0x00, 0x00, 
0x00, 0x00, 0x00, 0x00, 0x00, 
0x00, 0x00, 0x00, 0x00, 0x00, 
0x00, 0x00, 0x00, 0x00, 0x00, 
0x00, 0x00, 0x00, 0x00, 0x00, 
0x00, 0x00, 0x00, 0x00, 0x00, 
0x00, 0x00, 0x00, 0x00, 0x00, 

// @540 '#'
0x00, 0x00, 0x00, 0x00, 0x00, 
0x00, 0x00, 0x00, 0x00, 0x00, 
0x00, 0x00, 0x00, 0x00, 0x00, 
0x00, 0x00, 0x00, 0x00, 0x00, 
0x00, 0x00, 0x00, 0x00, 0x00, 
0x00, 0x00, 0xE0, 0xE0, 0x00, 
0x00, 0x00, 0xE0, 0xE0, 0x00, 
0x00, 0x00, 0xE0, 0xE0, 0x00, 
0x00, 0x01, 0xC1, 0xC0, 0x00, 
0x00, 0x01, 0xC1, 0xC0, 0x00, 
0x00, 0x01, 0xC1, 0xC0, 0x00, 
0x00, 0x01, 0x81, 0xC0, 0x00, 
0x00, 0xFF, 0xFF, 0xFE, 0x00, 
0x00, 0xFF, 0xFF, 0xFE, 0x00, 
0x00, 0xFF, 0xFF, 0xFE, 0x00, 
0x00, 0x03, 0x83, 0x80, 0x00, 
0x00, 0x07, 0x07, 0x00, 0x00, 
0x00, 0x07, 0x07, 0x00, 0x00, 
0x00, 0x07, 0x07, 0x00, 0x00, 
0x00, 0x07, 0x07, 0x00, 0x00, 
0x00, 0x0E, 0x06, 0x00, 0x00, 
0x03, 0xFF, 0xFF, 0xF8, 0x00, 
0x03, 0xFF, 0xFF, 0xF8, 0x00, 
0x03, 0xFF, 0xFF, 0xF8, 0x00, 
0x00, 0x1C, 0x0C, 0x00, 0x00, 
0x00, 0x1C, 0x1C, 0x00, 0x00, 
0x00, 0x1C, 0x1C, 0x00, 0x00, 
0x00, 0x1C, 0x1C, 0x00, 0x00, 
0x00, 0x38, 0x18, 0x00, 0x00, 
0x00, 0x38, 0x38, 0x00, 0x00, 
0x00, 0x38, 0x38, 0x00, 0x00, 
0x00, 0x00, 0x00, 0x00, 0x00, 
0x00, 0x00, 0x00, 0x00, 0x00, 
0x00, 0x00, 0x00, 0x00, 0x00, 
0x00, 0x00, 0x00, 0x00, 0x00, 
0x00, 0x00, 0x00, 0x00, 0x00, 

// @720 '$'
0x00, 0x00, 0x00, 0x00, 0x00, 
0x00, 0x00, 0x00, 0x00, 0x00, 
0x00, 0x00, 0xC0, 0x00, 0x00, 
0x00, 0x00, 0xC0, 0x00, 0x00, 
0x00, 0x00, 0xC0, 0x00, 0x00, 
0x00, 0x00, 0xC0, 0x00, 0x00, 
0x00, 0x07, 0xFC, 0x00, 0x00, 
0x00, 0x1F, 0xFF, 0x00, 0x00, 
0x00, 0x3F, 0xFF, 0x00, 0x00, 
0x00, 0x3C, 0xC3, 0x00, 0x00, 
0x00, 0x78, 0xC0, 0x00, 0x00, 
0x00, 0x78, 0xC0, 0x00, 0x00, 
0x00, 0x78, 0xC0, 0x00, 0x00, 
0x00, 0x7C, 0xC0, 0x00, 0x00, 
0x00, 0x7F, 0xC0, 0x00, 0x00, 
0x00, 0x3F, 0xF8, 0x00, 0x00, 
0x00, 0x1F, 0xFE, 0x00, 0x00, 
0x00, 0x07, 0xFF, 0x00, 0x00, 
0x00, 0x00, 0xFF, 0x80, 0x00, 
0x00, 0x00, 0xCF, 0xC0, 0x00, 
0x00, 0x00, 0xC7, 0xC0, 0x00, 
0x00, 0x00, 0xC3, 0xC0, 0x00, 
0x00, 0x00, 0xC3, 0xC0, 0x00, 
0x00, 0x00, 0xC3, 0xC0, 0x00, 
0x00, 0x40, 0xC7, 0xC0, 0x00, 
0x00, 0x70, 0xCF, 0x80, 0x00, 
0x00, 0x7F, 0xFF, 0x00, 0x00, 
0x00, 0x3F, 0xFE, 0x00, 0x00, 
0x00, 0x07, 0xF8, 0x00, 0x00, 
0x00, 0x00, 0xC0, 0x00, 0x00, 
0x00, 0x00, 0xC0, 0x00, 0x00, 
0x00, 0x00, 0xC0, 0x00, 0x00, 
0x00, 0x00, 0xC0, 0x00, 0x00, 
0x00, 0x00, 0xC0, 0x00, 0x00, 
0x00, 0x00, 0x00, 0x00, 0x00, 
0x00, 0x00, 0x00, 0x00, 0x00, 

// @900 '%'
0x00, 0x00, 0x00, 0x00, 0x00, 
0x00, 0x00, 0x00, 0x00, 0x00, 
0x00, 0x00, 0x00, 0x00, 0x00, 
0x00, 0x00, 0x00, 0x00, 0x00, 
0x00, 0x00, 0x00, 0x00, 0x00, 
0x03, 0xF0, 0x00, 0x60, 0x00, 
0x07, 0xF8, 0x00, 0xE0, 0x00, 
0x0E, 0x3C, 0x00, 0xC0, 0x00, 
0x0E, 0x1C, 0x01, 0x80, 0x00, 
0x1C, 0x0E, 0x03, 0x80, 0x00, 
0x1C, 0x0E, 0x03, 0x00, 0x00, 
0x1C, 0x0E, 0x06, 0x00, 0x00, 
0x1C, 0x0E, 0x0E, 0x00, 0x00, 
0x1C, 0x0E, 0x0C, 0x00, 0x00, 
0x1C, 0x0E, 0x18, 0x00, 0x00, 
0x0E, 0x1C, 0x38, 0x00, 0x00, 
0x0E, 0x3C, 0x30, 0x00, 0x00, 
0x07, 0xF8, 0x70, 0xFC, 0x00, 
0x03, 0xF0, 0xE1, 0xFE, 0x00, 
0x00, 0x00, 0xC3, 0x8F, 0x00, 
0x00, 0x01, 0xC3, 0x87, 0x00, 
0x00, 0x01, 0x87, 0x03, 0x80, 
0x00, 0x03, 0x07, 0x03, 0x80, 
0x00, 0x07, 0x07, 0x03, 0x80, 
0x00, 0x06, 0x07, 0x03, 0x80, 
0x00, 0x0C, 0x07, 0x03, 0x80, 
0x00, 0x1C, 0x07, 0x03, 0x80, 
0x00, 0x18, 0x03, 0x87, 0x00, 
0x00, 0x30, 0x03, 0xCF, 0x00, 
0x00, 0x70, 0x01, 0xFE, 0x00, 
0x00, 0x60, 0x00, 0xFC, 0x00, 
0x00, 0x00, 0x00, 0x00, 0x00, 
0x00, 0x00, 0x00, 0x00, 0x00, 
0x00, 0x00, 0x00, 0x00, 0x00, 
0x00, 0x00, 0x00, 0x00, 0x00, 
0x00, 0x00, 0x00, 0x00, 0x00, 

// @1080 '&'
0x00, 0x00, 0x00, 0x00, 0x00, 
0x00, 0x00, 0x00, 0x00, 0x00, 
0x00, 0x00, 0x00, 0x00, 0x00, 
0x00, 0x00, 0x00, 0x00, 0x00, 
0x00, 0x00, 0x00, 0x00, 0x00, 
0x00, 0x07, 0xF0, 0x00, 0x00, 
0x00, 0x1F, 0xFC, 0x00, 0x00, 
0x00, 0x3F, 0xFC, 0x00, 0x00, 
0x00, 0x7E, 0x0C, 0x00, 0x00, 
0x00, 0x7C, 0x00, 0x00, 0x00, 
0x00, 0x78, 0x00, 0x00, 0x00, 
0x00, 0x78, 0x00, 0x00, 0x00, 
0x00, 0x78, 0x00, 0x00, 0x00, 
0x00, 0x7C, 0x00, 0x00, 0x00, 
0x00, 0x3E, 0x00, 0x00, 0x00, 
0x00, 0x3F, 0x00, 0x00, 0x00, 
0x00, 0x7F, 0x80, 0x00, 0x00, 
0x00, 0xFF, 0xC0, 0x3C, 0x00, 
0x01, 0xE7, 0xE0, 0x3C, 0x00, 
0x01, 0xE3, 0xF0, 0x38, 0x00, 
0x03, 0xC1, 0xF8, 0x78, 0x00, 
0x03, 0xC0, 0xFC, 0x78, 0x00, 
0x03, 0xC0, 0x7E, 0xF0, 0x00, 
0x03, 0xC0, 0x3F, 0xE0, 0x00, 
0x03, 0xC0, 0x1F, 0xC0, 0x00, 
0x03, 0xE0, 0x0F, 0xC0, 0x00, 
0x01, 0xF0, 0x1F, 0xE0, 0x00, 
0x00, 0xFC, 0x3F, 0xF0, 0x00, 
0x00, 0xFF, 0xFD, 0xF8, 0x00, 
0x00, 0x3F, 0xF8, 0xFC, 0x00, 
0x00, 0x0F, 0xE0, 0x7E, 0x00, 
0x00, 0x00, 0x00, 0x00, 0x00, 
0x00, 0x00, 0x00, 0x00, 0x00, 
0x00, 0x00, 0x00, 0x00, 0x00, 
0x00, 0x00, 0x00, 0x00, 0x00, 
0x00, 0x00, 0x00, 0x00, 0x00, 

// @1260 '''
0x00, 0x00, 0x00, 0x00, 0x00, 
0x00, 0x00, 0x00, 0x00, 0x00, 
0x00, 0x00, 0x00, 0x00, 0x00, 
0x00, 0x00, 0x00, 0x00, 0x00, 
0x00, 0x00, 0x00, 0x00, 0x00, 
0x00, 0x00, 0xE0, 0x00, 0x00, 
0x00, 0x00, 0xE0, 0x00, 0x00, 
0x00, 0x00, 0xE0, 0x00, 0x00, 
0x00, 0x00, 0xE0, 0x00, 0x00, 
0x00, 0x00, 0xE0, 0x00, 0x00, 
0x00, 0x00, 0xE0, 0x00, 0x00, 
0x00, 0x00, 0xE0, 0x00, 0x00, 
0x00, 0x00, 0xE0, 0x00, 0x00, 
0x00, 0x00, 0xE0, 0x00, 0x00, 
0x00, 0x00, 0xE0, 0x00, 0x00, 
0x00, 0x00, 0x00, 0x00, 0x00, 
0x00, 0x00, 0x00, 0x00, 0x00, 
0x00, 0x00, 0x00, 0x00, 0x00, 
0x00, 0x00, 0x00, 0x00, 0x00, 
0x00, 0x00, 0x00, 0x00, 0x00, 
0x00, 0x00, 0x00, 0x00, 0x00, 
0x00, 0x00, 0x00, 0x00, 0x00, 
0x00, 0x00, 0x00, 0x00, 0x00, 
0x00, 0x00, 0x00, 0x00, 0x00, 
0x00, 0x00, 0x00, 0x00, 0x00, 
0x00, 0x00, 0x00, 0x00, 0x00, 
0x00, 0x00, 0x00, 0x00, 0x00, 
0x00, 0x00, 0x00, 0x00, 0x00, 
0x00, 0x00, 0x00, 0x00, 0x00, 
0x00, 0x00, 0x00, 0x00, 0x00, 
0x00, 0x00, 0x00, 0x00, 0x00, 
0x00, 0x00, 0x00, 0x00, 0x00, 
0x00, 0x00, 0x00, 0x00, 0x00, 
0x00, 0x00, 0x00, 0x00, 0x00, 
0x00, 0x00, 0x00, 0x00, 0x00, 
0x00, 0x00, 0x00, 0x00, 0x00, 

// @1440 '('
0x00, 0x00, 0x00, 0x00, 0x00, 
0x00, 0x00, 0x00, 0x00, 0x00, 
0x00, 0x00, 0x1C, 0x00, 0x00, 
0x00, 0x00, 0x18, 0x00, 0x00, 
0x00, 0x00, 0x38, 0x00, 0x00, 
0x00, 0x00, 0x70, 0x00, 0x00, 
0x00, 0x00, 0x70, 0x00, 0x00, 
0x00, 0x00, 0xF0, 0x00, 0x00, 
0x00, 0x00, 0xE0, 0x00, 0x00, 
0x00, 0x00, 0xE0, 0x00, 0x00, 
0x00, 0x01, 0xE0, 0x00, 0x00, 
0x00, 0x01, 0xE0, 0x00, 0x00, 
0x00, 0x01, 0xC0, 0x00, 0x00, 
0x00, 0x03, 0xC0, 0x00, 0x00, 
0x00, 0x03, 0xC0, 0x00, 0x00, 
0x00, 0x03, 0xC0, 0x00, 0x00, 
0x00, 0x03, 0xC0, 0x00, 0x00, 
0x00, 0x03, 0xC0, 0x00, 0x00, 
0x00, 0x03, 0xC0, 0x00, 0x00, 
0x00, 0x03, 0xC0, 0x00, 0x00, 
0x00, 0x03, 0xC0, 0x00, 0x00, 
0x00, 0x03, 0xC0, 0x00, 0x00, 
0x00, 0x03, 0xC0, 0x00, 0x00, 
0x00, 0x01, 0xC0, 0x00, 0x00, 
0x00, 0x01, 0xE0, 0x00, 0x00, 
0x00, 0x01, 0xE0, 0x00, 0x00, 
0x00, 0x00, 0xE0, 0x00, 0x00, 
0x00, 0x00, 0xE0, 0x00, 0x00, 
0x00, 0x00, 0xF0, 0x00, 0x00, 
0x00, 0x00, 0x70, 0x00, 0x00, 
0x00, 0x00, 0x70, 0x00, 0x00, 
0x00, 0x00, 0x38, 0x00, 0x00, 
0x00, 0x00, 0x18, 0x00, 0x00, 
0x00, 0x00, 0x1C, 0x00, 0x00, 
0x00, 0x00, 0x00, 0x00, 0x00, 
0x00, 0x00, 0x00, 0x00, 0x00, 

// @1620 ')'
0x00, 0x00, 0x00, 0x00, 0x00, 
0x00, 0x00, 0x00, 0x00, 0x00, 
0x00, 0x03, 0x80, 0x00, 0x00, 
0x00, 0x01, 0x80, 0x00, 0x00, 
0x00, 0x01, 0xC0, 0x00, 0x00, 
0x00, 0x00, 0xE0, 0x00, 0x00, 
0x00, 0x00, 0xE0, 0x00, 0x00, 
0x00, 0x00, 0xF0, 0x00, 0x00, 
0x00, 0x00, 0x70, 0x00, 0x00, 
0x00, 0x00, 0x70, 0x00, 0x00, 
0x00, 0x00, 0x78, 0x00, 0x00, 
0x00, 0x00, 0x78, 0x00, 0x00, 
0x00, 0x00, 0x38, 0x00, 0x00, 
0x00, 0x00, 0x3C, 0x00, 0x00, 
0x00, 0x00, 0x3C, 0x00, 0x00, 
0x00, 0x00, 0x3C, 0x00, 0x00, 
0x00, 0x00, 0x3C, 0x00, 0x00, 
0x00, 0x00, 0x3C, 0x00, 0x00, 
0x00, 0x00, 0x3C, 0x00, 0x00, 
0x00, 0x00, 0x3C, 0x00, 0x00, 
0x00, 0x00, 0x3C, 0x00, 0x00, 
0x00, 0x00, 0x3C, 0x00, 0x00, 
0x00, 0x00, 0x3C, 0x00, 0x00, 
0x00, 0x00, 0x38, 0x00, 0x00, 
0x00, 0x00, 0x78, 0x00, 0x00, 
0x00, 0x00, 0x78, 0x00, 0x00, 
0x00, 0x00, 0x70, 0x00, 0x00, 
0x00, 0x00, 0x70, 0x00, 0x00, 
0x00, 0x00, 0xF0, 0x00, 0x00, 
0x00, 0x00, 0xE0, 0x00, 0x00, 
0x00, 0x00, 0xE0, 0x00, 0x00, 
0x00, 0x01, 0xC0, 0x00, 0x00, 
0x00, 0x01, 0x80, 0x00, 0x00, 
0x00, 0x03, 0x80, 0x00, 0x00, 
0x00, 0x00, 0x00, 0x00, 0x00, 
0x00, 0x00, 0x00, 0x00, 0x00, 

// @1800 '*'
0x00, 0x00, 0x00, 0x00, 0x00, 
0x00, 0x00, 0x00, 0x00, 0x00, 
0x00, 0x00, 0x00, 0x00, 0x00, 
0x00, 0x00, 0x00, 0x00, 0x00, 
0x00, 0x00, 0x00, 0x00, 0x00, 
0x00, 0x00, 0x60, 0x00, 0x00, 
0x00, 0x00, 0x60, 0x00, 0x00, 
0x00, 0x00, 0x60, 0x00, 0x00, 
0x00, 0x10, 0x60, 0x80, 0x00, 
0x00, 0x3C, 0x63, 0xC0, 0x00, 
0x00, 0x0E, 0x67, 0x00, 0x00, 
0x00, 0x07, 0xFE, 0x00, 0x00, 
0x00, 0x01, 0xF8, 0x00, 0x00, 
0x00, 0x01, 0xF8, 0x00, 0x00, 
0x00, 0x07, 0xFE, 0x00, 0x00, 
0x00, 0x0E, 0x67, 0x00, 0x00, 
0x00, 0x3C, 0x63, 0xC0, 0x00, 
0x00, 0x10, 0x60, 0x80, 0x00, 
0x00, 0x00, 0x60, 0x00, 0x00, 
0x00, 0x00, 0x60, 0x00, 0x00, 
0x00, 0x00, 0x60, 0x00, 0x00, 
0x00, 0x00, 0x00, 0x00, 0x00, 
0x00, 0x00, 0x00, 0x00, 0x00, 
0x00, 0x00, 0x00, 0x00, 0x00, 
0x00, 0x00, 0x00, 0x00, 0x00, 
0x00, 0x00, 0x00, 0x00, 0x00, 
0x00, 0x00, 0x00, 0x00, 0x00, 
0x00, 0x00, 0x00, 0x00, 0x00, 
0x00, 0x00, 0x00, 0x00, 0x00, 
0x00, 0x00, 0x00, 0x00, 0x00, 
0x00, 0x00, 0x00, 0x00, 0x00, 
0x00, 0x00, 0x00, 0x00, 0x00, 
0x00, 0x00, 0x00, 0x00, 0x00, 
0x00, 0x00, 0x00, 0x00, 0x00, 
0x00, 0x00, 0x00, 0x00, 0x00, 
0x00, 0x00, 0x00, 0x00, 0x00, 

// @1980 '+'
0x00, 0x00, 0x00, 0x00, 0x00, 
0x00, 0x00, 0x00, 0x00, 0x00, 
0x00, 0x00, 0x00, 0x00, 0x00, 
0x00, 0x00, 0x00, 0x00, 0x00, 
0x00, 0x00, 0x00, 0x00, 0x00, 
0x00, 0x00, 0x00, 0x00, 0x00, 
0x00, 0x00, 0x70, 0x00, 0x00, 
0x00, 0x00, 0x70, 0x00, 0x00, 
0x00, 0x00, 0x70, 0x00, 0x00, 
0x00, 0x00, 0x70, 0x00, 0x00, 
0x00, 0x00, 0x70, 0x00, 0x00, 
0x00, 0x00, 0x70, 0x00, 0x00, 
0x00, 0x00, 0x70, 0x00, 0x00, 
0x00, 0x00, 0x70, 0x00, 0x00, 
0x00, 0x00, 0x70, 0x00, 0x00, 
0x00, 0x00, 0x70, 0x00, 0x00, 
0x01, 0xFF, 0xFF, 0xFC, 0x00, 
0x01, 0xFF, 0xFF, 0xFC, 0x00, 
0x01, 0xFF, 0xFF, 0xFC, 0x00, 
0x00, 0x00, 0x70, 0x00, 0x00, 
0x00, 0x00, 0x70, 0x00, 0x00, 
0x00, 0x00, 0x70, 0x00, 0x00, 
0x00, 0x00, 0x70, 0x00, 0x00, 
0x00, 0x00, 0x70, 0x00, 0x00, 
0x00, 0x00, 0x70, 0x00, 0x00, 
0x00, 0x00, 0x70, 0x00, 0x00, 
0x00, 0x00, 0x70, 0x00, 0x00, 
0x00, 0x00, 0x70, 0x00, 0x00, 
0x00, 0x00, 0x70, 0x00, 0x00, 
0x00, 0x00, 0x00, 0x00, 0x00, 
0x00, 0x00, 0x00, 0x00, 0x00, 
0x00, 0x00, 0x00, 0x00, 0x00, 
0x00, 0x00, 0x00, 0x00, 0x00, 
0x00, 0x00, 0x00, 0x00, 0x00, 
0x00, 0x00, 0x00, 0x00, 0x00, 
0x00, 0x00, 0x00, 0x00, 0x00, 

// @2160 ','
0x00, 0x00, 0x00, 0x00, 0x00, 
0x00, 0x00, 0x00, 0x00, 0x00, 
0x00, 0x00, 0x00, 0x00, 0x00, 
0x00, 0x00, 0x00, 0x00, 0x00, 
0x00, 0x00, 0x00, 0x00, 0x00, 
0x00, 0x00, 0x00, 0x00, 0x00, 
0x00, 0x00, 0x00, 0x00, 0x00, 
0x00, 0x00, 0x00, 0x00, 0x00, 
0x00, 0x00, 0x00, 0x00, 0x00, 
0x00, 0x00, 0x00, 0x00, 0x00, 
0x00, 0x00, 0x00, 0x00, 0x00, 
0x00, 0x00, 0x00, 0x00, 0x00, 
0x00, 0x00, 0x00, 0x00, 0x00, 
0x00, 0x00, 0xF0, 0x00, 0x00, 
0x00, 0x00, 0xF0, 0x00, 0x00, 
0x00, 0x00, 0xF0, 0x00, 0x00, 
0x00, 0x00, 0xF0, 0x00, 0x00, 
0x00, 0x00, 0xE0, 0x00, 0x00, 
0x00, 0x00, 0xE0, 0x00, 0x00, 
0x00, 0x01, 0xC0, 0x00, 0x00, 
0x00, 0x01, 0xC0, 0x00, 0x00, 
0x00, 0x01, 0x80, 0x00, 0x00, 
0x00, 0x00, 0x00, 0x00, 0x00, 
0x00, 0x00, 0x00, 0x00, 0x00, 
0x00, 0x00, 0x00, 0x00, 0x00, 
0x00, 0x00, 0x00, 0x00, 0x00, 
0x00, 0x00, 0x00, 0x00, 0x00, 
0x00, 0x00, 0x00, 0x00, 0x00, 
0x00, 0x00, 0x00, 0x00, 0x00, 
0x00, 0x00, 0x00, 0x00, 0x00, 
0x00, 0x00, 0x00, 0x00, 0x00, 
0x00, 0x00, 0x00, 0x00, 0x00, 
0x00, 0x00, 0x00, 0x00, 0x00, 
0x00, 0x00, 0x00, 0x00, 0x00, 
0x00, 0x00, 0x00, 0x00, 0x00, 
0x00, 0x00, 0x00, 0x00, 0x00, 

// @2340 '-'
0x00, 0x00, 0x00, 0x00, 0x00, 
0x00, 0x00, 0x00, 0x00, 0x00, 
0x00, 0x00, 0x00, 0x00, 0x00, 
0x00, 0x00, 0x00, 0x00, 0x00, 
0x00, 0x00, 0x00, 0x00, 0x00, 
0x00, 0x00, 0x00, 0x00, 0x00, 
0x00, 0x00, 0x00, 0x00, 0x00, 
0x00, 0x00, 0x00, 0x00, 0x00, 
0x00, 0x00, 0x00, 0x00, 0x00, 
0x00, 0x00, 0x00, 0x00, 0x00, 
0x00, 0x00, 0x00, 0x00, 0x00, 
0x00, 0x00, 0x00, 0x00, 0x00, 
0x00, 0x07, 0xFC, 0x00, 0x00, 
0x00, 0x07, 0xFC, 0x00, 0x00, 
0x00, 0x07, 0xFC, 0x00, 0x00, 
0x00, 0x00, 0x00, 0x00, 0x00, 
0x00, 0x00, 0x00, 0x00, 0x00, 
0x00, 0x00, 0x00, 0x00, 0x00, 
0x00, 0x00, 0x00, 0x00, 0x00, 
0x00, 0x00, 0x00, 0x00, 0x00, 
0x00, 0x00, 0x00, 0x00, 0x00, 
0x00, 0x00, 0x00, 0x00, 0x00, 
0x00, 0x00, 0x00, 0x00, 0x00, 
0x00, 0x00, 0x00, 0x00, 0x00, 
0x00, 0x00, 0x00, 0x00, 0x00, 
0x00, 0x00, 0x00, 0x00, 0x00, 
0x00, 0x00, 0x00, 0x00, 0x00, 
0x00, 0x00, 0x00, 0x00, 0x00, 
0x00, 0x00, 0x00, 0x00, 0x00, 
0x00, 0x00, 0x00, 0x00, 0x00, 
0x00, 0x00, 0x00, 0x00, 0x00, 
0x00, 0x00, 0x00, 0x00, 0x00, 
0x00, 0x00, 0x00, 0x00, 0x00, 
0x00, 0x00, 0x00, 0x00, 0x00, 
0x00, 0x00, 0x00, 0x00, 0x00, 
0x00, 0x00, 0x00, 0x00, 0x00, 

// @2520 '.'
0x00, 0x00, 0x00, 0x00, 0x00, 
0x00, 0x00, 0x00, 0x00, 0x00, 
0x00, 0x00, 0x00, 0x00, 0x00, 
0x00, 0x00, 0x00, 0x00, 0x00, 
0x00, 0x00, 0x00, 0x00, 0x00, 
0x00, 0x00, 0x00, 0x00, 0x00, 
0x00, 0x00, 0x00, 0x00, 0x00, 
0x00, 0x00, 0x00, 0x00, 0x00, 
0x00, 0x00, 0x00, 0x00, 0x00, 
0x00, 0x00, 0x00, 0x00, 0x00, 
0x00, 0x00, 0x00, 0x00, 0x00, 
0x00, 0x00, 0x00, 0x00, 0x00, 
0x00, 0x00, 0x00, 0x00, 0x00, 
0x00, 0x00, 0x00, 0x00, 0x00, 
0x00, 0x00, 0x00, 0x00, 0x00, 
0x00, 0x00, 0x00, 0x00, 0x00, 
0x00, 0x00, 0xF0, 0x00, 0x00, 
0x00, 0x00, 0xF0, 0x00, 0x00, 
0x00, 0x00, 0xF0, 0x00, 0x00, 
0x00, 0x00, 0xF0, 0x00, 0x00, 
0x00, 0x00, 0x00, 0x00, 0x00, 
0x00, 0x00, 0x00, 0x00, 0x00, 
0x00, 0x00, 0x00, 0x00, 0x00, 
0x00, 0x00, 0x00, 0x00, 0x00, 
0x00, 0x00, 0x00, 0x00, 0x00, 
0x00, 0x00, 0x00, 0x00, 0x00, 
0x00, 0x00, 0x00, 0x00, 0x00, 
0x00, 0x00, 0x00, 0x00, 0x00, 
0x00, 0x00, 0x00, 0x00, 0x00, 
0x00, 0x00, 0x00, 0x00, 0x00, 
0x00, 0x00, 0x00, 0x00, 0x00, 
0x00, 0x00, 0x00, 0x00, 0x00, 
0x00, 0x00, 0x00, 0x00, 0x00, 
0x00, 0x00, 0x00, 0x00, 0x00, 
0x00, 0x00, 0x00, 0x00, 0x00, 
0x00, 0x00, 0x00, 0x00, 0x00, 

// @2700 '/'
0x00, 0x00, 0x00, 0x00, 0x00, 
0x00, 0x00, 0x00, 0x00, 0x00, 
0x00, 0x00, 0x00, 0x00, 0x00, 
0x00, 0x00, 0x07, 0x00, 0x00, 
0x00, 0x00, 0x0F, 0x00, 0x00, 
0x00, 0x00, 0x0E, 0x00, 0x00, 
0x00, 0x00, 0x0E, 0x00, 0x00, 
0x00, 0x00, 0x0E, 0x00, 0x00, 
0x00, 0x00, 0x1C, 0x00, 0x00, 
0x00, 0x00, 0x1C, 0x00, 0x00, 
0x00, 0x00, 0x1C, 0x00, 0x00, 
0x00, 0x00, 0x3C, 0x00, 0x00, 
0x00, 0x00, 0x38, 0x00, 0x00, 
0x00, 0x00, 0x38, 0x00, 0x00, 
0x00, 0x00, 0x78, 0x00, 0x00, 
0x00, 0x00, 0x70, 0x00, 0x00, 
0x00, 0x00, 0x70, 0x00, 0x00, 
0x00, 0x00, 0x70, 0x00, 0x00, 
0x00, 0x00, 0xE0, 0x00, 0x00, 
0x00, 0x00, 0xE0, 0x00, 0x00, 
0x00, 0x00, 0xE0, 0x00, 0x00, 
0x00, 0x01, 0xE0, 0x00, 0x00, 
0x00, 0x01, 0xC0, 0x00, 0x00, 
0x00, 0x01, 0xC0, 0x00, 0x00, 
0x00, 0x03, 0xC0, 0x00, 0x00, 
0x00, 0x03, 0x80, 0x00, 0x00, 
0x00, 0x03, 0x80, 0x00, 0x00, 
0x00, 0x03, 0x80, 0x00, 0x00, 
0x00, 0x07, 0x00, 0x00, 0x00, 
0x00, 0x07, 0x00, 0x00, 0x00, 
0x00, 0x07, 0x00, 0x00, 0x00, 
0x00, 0x0F, 0x00, 0x00, 0x00, 
0x00, 0x0E, 0x00, 0x00, 0x00, 
0x00, 0x00, 0x00, 0x00, 0x00, 
0x00, 0x00, 0x00, 0x00, 0x00, 
0x00, 0x00, 0x00, 0x00, 0x00, 

// @2880 '0'
0x00, 0x00, 0x00, 0x00, 0x00, 
0x00, 0x00, 0x00, 0x00, 0x00, 
0x00, 0x00, 0x00, 0x00, 0x00, 
0x00, 0x00, 0x00, 0x00, 0x00, 
0x00, 0x00, 0x00, 0x00, 0x00, 
0x00, 0x03, 0xF0, 0x00, 0x00, 
0x00, 0x0F, 0xFC, 0x00, 0x00, 
0x00, 0x1F, 0xFE, 0x00, 0x00, 
0x00, 0x3E, 0x1F, 0x00, 0x00, 
0x00, 0x3C, 0x0F, 0x00, 0x00, 
0x00, 0x78, 0x07, 0x80, 0x00, 
0x00, 0x78, 0x07, 0x80, 0x00, 
0x00, 0x78, 0x07, 0x80, 0x00, 
0x00, 0xF0, 0x03, 0xC0, 0x00, 
0x00, 0xF0, 0x03, 0xC0, 0x00, 
0x00, 0xF0, 0x03, 0xC0, 0x00, 
0x00, 0xF0, 0x03, 0xC0, 0x00, 
0x00, 0xF0, 0x03, 0xC0, 0x00, 
0x00, 0xF0, 0x03, 0xC0, 0x00, 
0x00, 0xF0, 0x03, 0xC0, 0x00, 
0x00, 0xF0, 0x03, 0xC0, 0x00, 
0x00, 0xF0, 0x03, 0xC0, 0x00, 
0x00, 0xF0, 0x03, 0xC0, 0x00, 
0x00, 0x78, 0x07, 0x80, 0x00, 
0x00, 0x78, 0x07, 0x80, 0x00, 
0x00, 0x78, 0x07, 0x80, 0x00, 
0x00, 0x3C, 0x0F, 0x00, 0x00, 
0x00, 0x3E, 0x1F, 0x00, 0x00, 
0x00, 0x1F, 0xFE, 0x00, 0x00, 
0x00, 0x0F, 0xFC, 0x00, 0x00, 
0x00, 0x03, 0xF0, 0x00, 0x00, 
0x00, 0x00, 0x00, 0x00, 0x00, 
0x00, 0x00, 0x00, 0x00, 0x00, 
0x00, 0x00, 0x00, 0x00, 0x00, 
0x00, 0x00, 0x00, 0x00, 0x00, 
0x00, 0x00, 0x00, 0x00, 0x00, 

// @3060 '1'
0x00, 0x00, 0x00, 0x00, 0x00, 
0x00, 0x00, 0x00, 0x00, 0x00, 
0x00, 0x00, 0x00, 0x00, 0x00, 
0x00, 0x00, 0x00, 0x00, 0x00, 
0x00, 0x00, 0x00, 0x00, 0x00, 
0x00, 0x07, 0xF0, 0x00, 0x00, 
0x00, 0x3F, 0xF0, 0x00, 0x00, 
0x00, 0x3F, 0xF0, 0x00, 0x00, 
0x00, 0x38, 0xF0, 0x00, 0x00, 
0x00, 0x00, 0xF0, 0x00, 0x00, 
0x00, 0x00, 0xF0, 0x00, 0x00, 
0x00, 0x00, 0xF0, 0x00, 0x00, 
0x00, 0x00, 0xF0, 0x00, 0x00, 
0x00, 0x00, 0xF0, 0x00, 0x00, 
0x00, 0x00, 0xF0, 0x00, 0x00, 
0x00, 0x00, 0xF0, 0x00, 0x00, 
0x00, 0x00, 0xF0, 0x00, 0x00, 
0x00, 0x00, 0xF0, 0x00, 0x00, 
0x00, 0x00, 0xF0, 0x00, 0x00, 
0x00, 0x00, 0xF0, 0x00, 0x00, 
0x00, 0x00, 0xF0, 0x00, 0x00, 
0x00, 0x00, 0xF0, 0x00, 0x00, 
0x00, 0x00, 0xF0, 0x00, 0x00, 
0x00, 0x00, 0xF0, 0x00, 0x00, 
0x00, 0x00, 0xF0, 0x00, 0x00, 
0x00, 0x00, 0xF0, 0x00, 0x00, 
0x00, 0x00, 0xF0, 0x00, 0x00, 
0x00, 0x00, 0xF0, 0x00, 0x00, 
0x00, 0x3F, 0xFF, 0xC0, 0x00, 
0x00, 0x3F, 0xFF, 0xC0, 0x00, 
0x00, 0x3F, 0xFF, 0xC0, 0x00, 
0x00, 0x00, 0x00, 0x00, 0x00, 
0x00, 0x00, 0x00, 0x00, 0x00, 
0x00, 0x00, 0x00, 0x00, 0x00, 
0x00, 0x00, 0x00, 0x00, 0x00, 
0x00, 0x00, 0x00, 0x00, 0x00, 

// @3240 '2'
0x00, 0x00, 0x00, 0x00, 0x00, 
0x00, 0x00, 0x00, 0x00, 0x00, 
0x00, 0x00, 0x00, 0x00, 0x00, 
0x00, 0x00, 0x00, 0x00, 0x00, 
0x00, 0x00, 0x00, 0x00, 0x00, 
0x00, 0x1F, 0xF8, 0x00, 0x00, 
0x00, 0x7F, 0xFE, 0x00, 0x00, 
0x00, 0x7F, 0xFF, 0x00, 0x00, 
0x00, 0x78, 0x1F, 0x80, 0x00, 
0x00, 0x40, 0x07, 0x80, 0x00, 
0x00, 0x00, 0x07, 0xC0, 0x00, 
0x00, 0x00, 0x03, 0xC0, 0x00, 
0x00, 0x00, 0x03, 0xC0, 0x00, 
0x00, 0x00, 0x03, 0xC0, 0x00, 
0x00, 0x00, 0x03, 0xC0, 0x00, 
0x00, 0x00, 0x07, 0x80, 0x00, 
0x00, 0x00, 0x0F, 0x80, 0x00, 
0x00, 0x00, 0x0F, 0x00, 0x00, 
0x00, 0x00, 0x1F, 0x00, 0x00, 
0x00, 0x00, 0x3E, 0x00, 0x00, 
0x00, 0x00, 0x7C, 0x00, 0x00, 
0x00, 0x00, 0xF8, 0x00, 0x00, 
0x00, 0x01, 0xF0, 0x00, 0x00, 
0x00, 0x03, 0xE0, 0x00, 0x00, 
0x00, 0x07, 0xC0, 0x00, 0x00, 
0x00, 0x0F, 0x80, 0x00, 0x00, 
0x00, 0x1F, 0x00, 0x00, 0x00, 
0x00, 0x7E, 0x00, 0x00, 0x00, 
0x00, 0x7F, 0xFF, 0xC0, 0x00, 
0x00, 0x7F, 0xFF, 0xC0, 0x00, 
0x00, 0x7F, 0xFF, 0xC0, 0x00, 
0x00, 0x00, 0x00, 0x00, 0x00, 
0x00, 0x00, 0x00, 0x00, 0x00, 
0x00, 0x00, 0x00, 0x00, 0x00, 
0x00, 0x00, 0x00, 0x00, 0x00, 
0x00, 0x00, 0x00, 0x00, 0x00, 

// @3420 '3'
0x00, 0x00, 0x00, 0x00, 0x00, 
0x00, 0x00, 0x00, 0x00, 0x00, 
0x00, 0x00, 0x00, 0x00, 0x00, 
0x00, 0x00, 0x00, 0x00, 0x00, 
0x00, 0x00, 0x00, 0x00, 0x00, 
0x00, 0x0F, 0xF0, 0x00, 0x00, 
0x00, 0x3F, 0xFC, 0x00, 0x00, 
0x00, 0x3F, 0xFE, 0x00, 0x00, 
0x00, 0x30, 0x1F, 0x00, 0x00, 
0x00, 0x00, 0x0F, 0x80, 0x00, 
0x00, 0x00, 0x07, 0x80, 0x00, 
0x00, 0x00, 0x07, 0x80, 0x00, 
0x00, 0x00, 0x07, 0x80, 0x00, 
0x00, 0x00, 0x07, 0x80, 0x00, 
0x00, 0x00, 0x0F, 0x00, 0x00, 
0x00, 0x00, 0x1F, 0x00, 0x00, 
0x00, 0x03, 0xFC, 0x00, 0x00, 
0x00, 0x03, 0xF8, 0x00, 0x00, 
0x00, 0x03, 0xFE, 0x00, 0x00, 
0x00, 0x00, 0x1F, 0x00, 0x00, 
0x00, 0x00, 0x07, 0x80, 0x00, 
0x00, 0x00, 0x03, 0xC0, 0x00, 
0x00, 0x00, 0x03, 0xC0, 0x00, 
0x00, 0x00, 0x03, 0xC0, 0x00, 
0x00, 0x00, 0x03, 0xC0, 0x00, 
0x00, 0x00, 0x03, 0xC0, 0x00, 
0x00, 0x00, 0x07, 0x80, 0x00, 
0x00, 0x60, 0x1F, 0x80, 0x00, 
0x00, 0x7F, 0xFF, 0x00, 0x00, 
0x00, 0x7F, 0xFE, 0x00, 0x00, 
0x00, 0x1F, 0xF0, 0x00, 0x00, 
0x00, 0x00, 0x00, 0x00, 0x00, 
0x00, 0x00, 0x00, 0x00, 0x00, 
0x00, 0x00, 0x00, 0x00, 0x00, 
0x00, 0x00, 0x00, 0x00, 0x00, 
0x00, 0x00, 0x00, 0x00, 0x00, 

// @3600 '4'
0x00, 0x00, 0x00, 0x00, 0x00, 
0x00, 0x00, 0x00, 0x00, 0x00, 
0x00, 0x00, 0x00, 0x00, 0x00, 
0x00, 0x00, 0x00, 0x00, 0x00, 
0x00, 0x00, 0x00, 0x00, 0x00, 
0x00, 0x00, 0x3E, 0x00, 0x00, 
0x00, 0x00, 0x3E, 0x00, 0x00, 
0x00, 0x00, 0x7E, 0x00, 0x00, 
0x00, 0x00, 0xFE, 0x00, 0x00, 
0x00, 0x00, 0xFE, 0x00, 0x00, 
0x00, 0x01, 0xDE, 0x00, 0x00, 
0x00, 0x03, 0x9E, 0x00, 0x00, 
0x00, 0x03, 0x9E, 0x00, 0x00, 
0x00, 0x07, 0x1E, 0x00, 0x00, 
0x00, 0x07, 0x1E, 0x00, 0x00, 
0x00, 0x0E, 0x1E, 0x00, 0x00, 
0x00, 0x1C, 0x1E, 0x00, 0x00, 
0x00, 0x1C, 0x1E, 0x00, 0x00, 
0x00, 0x38, 0x1E, 0x00, 0x00, 
0x00, 0x78, 0x1E, 0x00, 0x00, 
0x00, 0x70, 0x1E, 0x00, 0x00, 
0x00, 0xE0, 0x1E, 0x00, 0x00, 
0x00, 0xFF, 0xFF, 0xE0, 0x00, 
0x00, 0xFF, 0xFF, 0xE0, 0x00, 
0x00, 0xFF, 0xFF, 0xE0, 0x00, 
0x00, 0x00, 0x1E, 0x00, 0x00, 
0x00, 0x00, 0x1E, 0x00, 0x00, 
0x00, 0x00, 0x1E, 0x00, 0x00, 
0x00, 0x00, 0x1E, 0x00, 0x00, 
0x00, 0x00, 0x1E, 0x00, 0x00, 
0x00, 0x00, 0x1E, 0x00, 0x00, 
0x00, 0x00, 0x00, 0x00, 0x00, 
0x00, 0x00, 0x00, 0x00, 0x00, 
0x00, 0x00, 0x00, 0x00, 0x00, 
0x00, 0x00, 0x00, 0x00, 0x00, 
0x00, 0x00, 0x00, 0x00, 0x00, 

// @3780 '5'
0x00, 0x00, 0x00, 0x00, 0x00, 
0x00, 0x00, 0x00, 0x00, 0x00, 
0x00, 0x00, 0x00, 0x00, 0x00, 
0x00, 0x00, 0x00, 0x00, 0x00, 
0x00, 0x00, 0x00, 0x00, 0x00, 
0x00, 0x3F, 0xFF, 0x00, 0x00, 
0x00, 0x3F, 0xFF, 0x00, 0x00, 
0x00, 0x3F, 0xFF, 0x00, 0x00, 
0x00, 0x3C, 0x00, 0x00, 0x00, 
0x00, 0x3C, 0x00, 0x00, 0x00, 
0x00, 0x3C, 0x00, 0x00, 0x00, 
0x00, 0x3C, 0x00, 0x00, 0x00, 
0x00, 0x3C, 0x00, 0x00, 0x00, 
0x00, 0x3C, 0x00, 0x00, 0x00, 
0x00, 0x3F, 0xF8, 0x00, 0x00, 
0x00, 0x3F, 0xFE, 0x00, 0x00, 
0x00, 0x3F, 0xFF, 0x00, 0x00, 
0x00, 0x30, 0x1F, 0x80, 0x00, 
0x00, 0x00, 0x0F, 0x80, 0x00, 
0x00, 0x00, 0x07, 0xC0, 0x00, 
0x00, 0x00, 0x03, 0xC0, 0x00, 
0x00, 0x00, 0x03, 0xC0, 0x00, 
0x00, 0x00, 0x03, 0xC0, 0x00, 
0x00, 0x00, 0x03, 0xC0, 0x00, 
0x00, 0x00, 0x03, 0xC0, 0x00, 
0x00, 0x00, 0x07, 0xC0, 0x00, 
0x00, 0x00, 0x0F, 0x80, 0x00, 
0x00, 0x60, 0x1F, 0x80, 0x00, 
0x00, 0x7F, 0xFF, 0x00, 0x00, 
0x00, 0x7F, 0xFC, 0x00, 0x00, 
0x00, 0x1F, 0xF0, 0x00, 0x00, 
0x00, 0x00, 0x00, 0x00, 0x00, 
0x00, 0x00, 0x00, 0x00, 0x00, 
0x00, 0x00, 0x00, 0x00, 0x00, 
0x00, 0x00, 0x00, 0x00, 0x00, 
0x00, 0x00, 0x00, 0x00, 0x00, 

// @3960 '6'
0x00, 0x00, 0x00, 0x00, 0x00, 
0x00, 0x00, 0x00, 0x00, 0x00, 
0x00, 0x00, 0x00, 0x00, 0x00, 
0x00, 0x00, 0x00, 0x00, 0x00, 
0x00, 0x00, 0x00, 0x00, 0x00, 
0x00, 0x01, 0xFC, 0x00, 0x00, 
0x00, 0x07, 0xFF, 0x00, 0x00, 
0x00, 0x0F, 0xFF, 0x00, 0x00, 
0x00, 0x1F, 0x03, 0x00, 0x00, 
0x00, 0x3E, 0x00, 0x00, 0x00, 
0x00, 0x3C, 0x00, 0x00, 0x00, 
0x00, 0x78, 0x00, 0x00, 0x00, 
0x00, 0x78, 0x00, 0x00, 0x00, 
0x00, 0xF8, 0x00, 0x00, 0x00, 
0x00, 0xF1, 0xF8, 0x00, 0x00, 
0x00, 0xF3, 0xFE, 0x00, 0x00, 
0x00, 0xF7, 0xFF, 0x00, 0x00, 
0x00, 0xFE, 0x1F, 0x80, 0x00, 
0x00, 0xF8, 0x07, 0x80, 0x00, 
0x00, 0xF8, 0x07, 0xC0, 0x00, 
0x00, 0xF0, 0x03, 0xC0, 0x00, 
0x00, 0xF0, 0x03, 0xC0, 0x00, 
0x00, 0xF0, 0x03, 0xC0, 0x00, 
0x00, 0x70, 0x03, 0xC0, 0x00, 
0x00, 0x70, 0x03, 0xC0, 0x00, 
0x00, 0x78, 0x07, 0xC0, 0x00, 
0x00, 0x38, 0x07, 0x80, 0x00, 
0x00, 0x3E, 0x1F, 0x80, 0x00, 
0x00, 0x1F, 0xFF, 0x00, 0x00, 
0x00, 0x0F, 0xFE, 0x00, 0x00, 
0x00, 0x03, 0xF8, 0x00, 0x00, 
0x00, 0x00, 0x00, 0x00, 0x00, 
0x00, 0x00, 0x00, 0x00, 0x00, 
0x00, 0x00, 0x00, 0x00, 0x00, 
0x00, 0x00, 0x00, 0x00, 0x00, 
0x00, 0x00, 0x00, 0x00, 0x00, 

// @4140 '7'
0x00, 0x00, 0x00, 0x00, 0x00, 
0x00, 0x00, 0x00, 0x00, 0x00, 
0x00, 0x00, 0x00, 0x00, 0x00, 
0x00, 0x00, 0x00, 0x00, 0x00, 
0x00, 0x00, 0x00, 0x00, 0x00, 
0x00, 0x7F, 0xFF, 0xC0, 0x00, 
0x00, 0x7F, 0xFF, 0xC0, 0x00, 
0x00, 0x7F, 0xFF, 0xC0, 0x00, 
0x00, 0x00, 0x07, 0x80, 0x00, 
0x00, 0x00, 0x07, 0x80, 0x00, 
0x00, 0x00, 0x0F, 0x80, 0x00, 
0x00, 0x00, 0x0F, 0x00, 0x00, 
0x00, 0x00, 0x0F, 0x00, 0x00, 
0x00, 0x00, 0x1F, 0x00, 0x00, 
0x00, 0x00, 0x1E, 0x00, 0x00, 
0x00, 0x00, 0x1E, 0x00, 0x00, 
0x00, 0x00, 0x3C, 0x00, 0x00, 
0x00, 0x00, 0x3C, 0x00, 0x00, 
0x00, 0x00, 0x7C, 0x00, 0x00, 
0x00, 0x00, 0x78, 0x00, 0x00, 
0x00, 0x00, 0x78, 0x00, 0x00, 
0x00, 0x00, 0xF8, 0x00, 0x00, 
0x00, 0x00, 0xF0, 0x00, 0x00, 
0x00, 0x00, 0xF0, 0x00, 0x00, 
0x00, 0x01, 0xF0, 0x00, 0x00, 
0x00, 0x01, 0xE0, 0x00, 0x00, 
0x00, 0x01, 0xE0, 0x00, 0x00, 
0x00, 0x03, 0xE0, 0x00, 0x00, 
0x00, 0x03, 0xC0, 0x00, 0x00, 
0x00, 0x03, 0xC0, 0x00, 0x00, 
0x00, 0x07, 0x80, 0x00, 0x00, 
0x00, 0x00, 0x00, 0x00, 0x00, 
0x00, 0x00, 0x00, 0x00, 0x00, 
0x00, 0x00, 0x00, 0x00, 0x00, 
0x00, 0x00, 0x00, 0x00, 0x00, 
0x00, 0x00, 0x00, 0x00, 0x00, 

// @4320 '8'
0x00, 0x00, 0x00, 0x00, 0x00, 
0x00, 0x00, 0x00, 0x00, 0x00, 
0x00, 0x00, 0x00, 0x00, 0x00, 
0x00, 0x00, 0x00, 0x00, 0x00, 
0x00, 0x00, 0x00, 0x00, 0x00, 
0x00, 0x07, 0xF8, 0x00, 0x00, 
0x00, 0x1F, 0xFE, 0x00, 0x00, 
0x00, 0x3F, 0xFF, 0x00, 0x00, 
0x00, 0x3E, 0x1F, 0x00, 0x00, 
0x00, 0x7C, 0x0F, 0x80, 0x00, 
0x00, 0x78, 0x07, 0x80, 0x00, 
0x00, 0x78, 0x07, 0x80, 0x00, 
0x00, 0x78, 0x07, 0x80, 0x00, 
0x00, 0x78, 0x07, 0x80, 0x00, 
0x00, 0x3C, 0x0F, 0x00, 0x00, 
0x00, 0x3E, 0x1E, 0x00, 0x00, 
0x00, 0x0F, 0xFC, 0x00, 0x00, 
0x00, 0x03, 0xF8, 0x00, 0x00, 
0x00, 0x1F, 0xFE, 0x00, 0x00, 
0x00, 0x3C, 0x0F, 0x00, 0x00, 
0x00, 0x78, 0x07, 0x80, 0x00, 
0x00, 0xF0, 0x03, 0xC0, 0x00, 
0x00, 0xF0, 0x03, 0xC0, 0x00, 
0x00, 0xF0, 0x03, 0xC0, 0x00, 
0x00, 0xF0, 0x03, 0xC0, 0x00, 
0x00, 0xF0, 0x03, 0xC0, 0x00, 
0x00, 0xF8, 0x07, 0x80, 0x00, 
0x00, 0x7C, 0x0F, 0x80, 0x00, 
0x00, 0x3F, 0xFF, 0x00, 0x00, 
0x00, 0x1F, 0xFE, 0x00, 0x00, 
0x00, 0x07, 0xF8, 0x00, 0x00, 
0x00, 0x00, 0x00, 0x00, 0x00, 
0x00, 0x00, 0x00, 0x00, 0x00, 
0x00, 0x00, 0x00, 0x00, 0x00, 
0x00, 0x00, 0x00, 0x00, 0x00, 
0x00, 0x00, 0x00, 0x00, 0x00, 

// @4500 '9'
0x00, 0x00, 0x00, 0x00, 0x00, 
0x00, 0x00, 0x00, 0x00, 0x00, 
0x00, 0x00, 0x00, 0x00, 0x00, 
0x00, 0x00, 0x00, 0x00, 0x00, 
0x00, 0x00, 0x00, 0x00, 0x00, 
0x00, 0x07, 0xF0, 0x00, 0x00, 
0x00, 0x1F, 0xFC, 0x00, 0x00, 
0x00, 0x3F, 0xFE, 0x00, 0x00, 
0x00, 0x7E, 0x1F, 0x00, 0x00, 
0x00, 0x78, 0x07, 0x00, 0x00, 
0x00, 0xF8, 0x07, 0x80, 0x00, 
0x00, 0xF0, 0x03, 0x80, 0x00, 
0x00, 0xF0, 0x03, 0x80, 0x00, 
0x00, 0xF0, 0x03, 0xC0, 0x00, 
0x00, 0xF0, 0x03, 0xC0, 0x00, 
0x00, 0xF0, 0x03, 0xC0, 0x00, 
0x00, 0xF8, 0x07, 0xC0, 0x00, 
0x00, 0x78, 0x07, 0xC0, 0x00, 
0x00, 0x7E, 0x1F, 0xC0, 0x00, 
0x00, 0x3F, 0xFB, 0xC0, 0x00, 
0x00, 0x1F, 0xF3, 0xC0, 0x00, 
0x00, 0x07, 0xE3, 0xC0, 0x00, 
0x00, 0x00, 0x07, 0x80, 0x00, 
0x00, 0x00, 0x07, 0x80, 0x00, 
0x00, 0x00, 0x07, 0x80, 0x00, 
0x00, 0x00, 0x0F, 0x00, 0x00, 
0x00, 0x00, 0x1F, 0x00, 0x00, 
0x00, 0x30, 0x3E, 0x00, 0x00, 
0x00, 0x3F, 0xFC, 0x00, 0x00, 
0x00, 0x3F, 0xF8, 0x00, 0x00, 
0x00, 0x0F, 0xE0, 0x00, 0x00, 
0x00, 0x00, 0x00, 0x00, 0x00, 
0x00, 0x00, 0x00, 0x00, 0x00, 
0x00, 0x00, 0x00, 0x00, 0x00, 
0x00, 0x00, 0x00, 0x00, 0x00, 
0x00, 0x00, 0x00, 0x00, 0x00, 

// @4680 ':'
0x00, 0x00, 0x00, 0x00, 0x00, 
0x00, 0x00, 0x00, 0x00, 0x00, 
0x00, 0x00, 0x00, 0x00, 0x00, 
0x00, 0x00, 0x00, 0x00, 0x00, 
0x00, 0x00, 0x00, 0x00, 0x00, 
0x00, 0x00, 0x00, 0x00, 0x00, 
0x00, 0x00, 0x00, 0x00, 0x00, 
0x00, 0x00, 0x00, 0x00, 0x00, 
0x00, 0x00, 0xF0, 0x00, 0x00, 
0x00, 0x00, 0xF0, 0x00, 0x00, 
0x00, 0x00, 0xF0, 0x00, 0x00, 
0x00, 0x00, 0xF0, 0x00, 0x00, 
0x00, 0x00, 0x00, 0x00, 0x00, 
0x00, 0x00, 0x00, 0x00, 0x00, 
0x00, 0x00, 0x00, 0x00, 0x00, 
0x00, 0x00, 0x00, 0x00, 0x00, 
0x00, 0x00, 0x00, 0x00, 0x00, 
0x00, 0x00, 0x00, 0x00, 0x00, 
0x00, 0x00, 0x00, 0x00, 0x00, 
0x00, 0x00, 0x00, 0x00, 0x00, 
0x00, 0x00, 0x00, 0x00, 0x00, 
0x00, 0x00, 0x00, 0x00, 0x00, 
0x00, 0x00, 0x00, 0x00, 0x00, 
0x00, 0x00, 0xF0, 0x00, 0x00, 
0x00, 0x00, 0xF0, 0x00, 0x00, 
0x00, 0x00, 0xF0, 0x00, 0x00, 
0x00, 0x00, 0xF0, 0x00, 0x00, 
0x00, 0x00, 0x00, 0x00, 0x00, 
0x00, 0x00, 0x00, 0x00, 0x00, 
0x00, 0x00, 0x00, 0x00, 0x00, 
0x00, 0x00, 0x00, 0x00, 0x00, 
0x00, 0x00, 0x00, 0x00, 0x00, 
0x00, 0x00, 0x00, 0x00, 0x00, 
0x00, 0x00, 0x00, 0x00, 0x00, 
0x00, 0x00, 0x00, 0x00, 0x00, 
0x00, 0x00, 0x00, 0x00, 0x00, 

// @4860 ';'
0x00, 0x00, 0x00, 0x00, 0x00, 
0x00, 0x00, 0x00, 0x00, 0x00, 
0x00, 0x00, 0x00, 0x00, 0x00, 
0x00, 0x00, 0x00, 0x00, 0x00, 
0x00, 0x00, 0x00, 0x00, 0x00, 
0x00, 0x00, 0x00, 0x00, 0x00, 
0x00, 0x00, 0xF0, 0x00, 0x00, 
0x00, 0x00, 0xF0, 0x00, 0x00, 
0x00, 0x00, 0xF0, 0x00, 0x00, 
0x00, 0x00, 0xF0, 0x00, 0x00, 
0x00, 0x00, 0x00, 0x00, 0x00, 
0x00, 0x00, 0x00, 0x00, 0x00, 
0x00, 0x00, 0x00, 0x00, 0x00, 
0x00, 0x00, 0x00, 0x00, 0x00, 
0x00, 0x00, 0x00, 0x00, 0x00, 
0x00, 0x00, 0x00, 0x00, 0x00, 
0x00, 0x00, 0x00, 0x00, 0x00, 
0x00, 0x00, 0x00, 0x00, 0x00, 
0x00, 0x00, 0x00, 0x00, 0x00, 
0x00, 0x00, 0x00, 0x00, 0x00, 
0x00, 0x00, 0x00, 0x00, 0x00, 
0x00, 0x00, 0xF0, 0x00, 0x00, 
0x00, 0x00, 0xF0, 0x00, 0x00, 
0x00, 0x00, 0xF0, 0x00, 0x00, 
0x00, 0x00, 0xF0, 0x00, 0x00, 
0x00, 0x00, 0xE0, 0x00, 0x00, 
0x00, 0x00, 0xE0, 0x00, 0x00, 
0x00, 0x01, 0xC0, 0x00, 0x00, 
0x00, 0x01, 0xC0, 0x00, 0x00, 
0x00, 0x01, 0x80, 0x00, 0x00, 
0x00, 0x00, 0x00, 0x00, 0x00, 
0x00, 0x00, 0x00, 0x00, 0x00, 
0x00, 0x00, 0x00, 0x00, 0x00, 
0x00, 0x00, 0x00, 0x00, 0x00, 
0x00, 0x00, 0x00, 0x00, 0x00, 
0x00, 0x00, 0x00, 0x00, 0x00, 

// @5040 '<'
0x00, 0x00, 0x00, 0x00, 0x00, 
0x00, 0x00, 0x00, 0x00, 0x00, 
0x00, 0x00, 0x00, 0x00, 0x00, 
0x00, 0x00, 0x00, 0x00, 0x00, 
0x00, 0x00, 0x00, 0x00, 0x00, 
0x00, 0x00, 0x00, 0x00, 0x00, 
0x00, 0x00, 0x00, 0x00, 0x00, 
0x00, 0x00, 0x00, 0x04, 0x00, 
0x00, 0x00, 0x00, 0x3C, 0x00, 
0x00, 0x00, 0x01, 0xFC, 0x00, 
0x00, 0x00, 0x0F, 0xF8, 0x00, 
0x00, 0x00, 0x7F, 0xC0, 0x00, 
0x00, 0x03, 0xFE, 0x00, 0x00, 
0x00, 0x1F, 0xF8, 0x00, 0x00, 
0x00, 0x7F, 0xC0, 0x00, 0x00, 
0x01, 0xFE, 0x00, 0x00, 0x00, 
0x01, 0xF0, 0x00, 0x00, 0x00, 
0x01, 0xFE, 0x00, 0x00, 0x00, 
0x00, 0x7F, 0xC0, 0x00, 0x00, 
0x00, 0x1F, 0xF8, 0x00, 0x00, 
0x00, 0x03, 0xFE, 0x00, 0x00, 
0x00, 0x00, 0x7F, 0xC0, 0x00, 
0x00, 0x00, 0x0F, 0xF8, 0x00, 
0x00, 0x00, 0x01, 0xFC, 0x00, 
0x00, 0x00, 0x00, 0x3C, 0x00, 
0x00, 0x00, 0x00, 0x04, 0x00, 
0x00, 0x00, 0x00, 0x00, 0x00, 
0x00, 0x00, 0x00, 0x00, 0x00, 
0x00, 0x00, 0x00, 0x00, 0x00, 
0x00, 0x00, 0x00, 0x00, 0x00, 
0x00, 0x00, 0x00, 0x00, 0x00, 
0x00, 0x00, 0x00, 0x00, 0x00, 
0x00, 0x00, 0x00, 0x00, 0x00, 
0x00, 0x00, 0x00, 0x00, 0x00, 
0x00, 0x00, 0x00, 0x00, 0x00, 
0x00, 0x00, 0x00, 0x00, 0x00, 

// @5220 '='
0x00, 0x00, 0x00, 0x00, 0x00, 
0x00, 0x00, 0x00, 0x00, 0x00, 
0x00, 0x00, 0x00, 0x00, 0x00, 
0x00, 0x00, 0x00, 0x00, 0x00, 
0x00, 0x00, 0x00, 0x00, 0x00, 
0x00, 0x00, 0x00, 0x00, 0x00, 
0x00, 0x00, 0x00, 0x00, 0x00, 
0x00, 0x00, 0x00, 0x00, 0x00, 
0x00, 0x00, 0x00, 0x00, 0x00, 
0x00, 0x00, 0x00, 0x00, 0x00, 
0x01, 0xFF, 0xFF, 0xFC, 0x00, 
0x01, 0xFF, 0xFF, 0xFC, 0x00, 
0x01, 0xFF, 0xFF, 0xFC, 0x00, 
0x00, 0x00, 0x00, 0x00, 0x00, 
0x00, 0x00, 0x00, 0x00, 0x00, 
0x00, 0x00, 0x00, 0x00, 0x00, 
0x00, 0x00, 0x00, 0x00, 0x00, 
0x01, 0xFF, 0xFF, 0xFC, 0x00, 
0x01, 0xFF, 0xFF, 0xFC, 0x00, 
0x01, 0xFF, 0xFF, 0xFC, 0x00, 
0x00, 0x00, 0x00, 0x00, 0x00, 
0x00, 0x00, 0x00, 0x00, 0x00, 
0x00, 0x00, 0x00, 0x00, 0x00, 
0x00, 0x00, 0x00, 0x00, 0x00, 
0x00, 0x00, 0x00, 0x00, 0x00, 
0x00, 0x00, 0x00, 0x00, 0x00, 
0x00, 0x00, 0x00, 0x00, 0x00, 
0x00, 0x00, 0x00, 0x00, 0x00, 
0x00, 0x00, 0x00, 0x00, 0x00, 
0x00, 0x00, 0x00, 0x00, 0x00, 
0x00, 0x00, 0x00, 0x00, 0x00, 
0x00, 0x00, 0x00, 0x00, 0x00, 
0x00, 0x00, 0x00, 0x00, 0x00, 
0x00, 0x00, 0x00, 0x00, 0x00, 
0x00, 0x00, 0x00, 0x00, 0x00, 
0x00, 0x00, 0x00, 0x00, 0x00, 

// @5400 '>'
0x00, 0x00, 0x00, 0x00, 0x00, 
0x00, 0x00, 0x00, 0x00, 0x00, 
0x00, 0x00, 0x00, 0x00, 0x00, 
0x00, 0x00, 0x00, 0x00, 0x00, 
0x00, 0x00, 0x00, 0x00, 0x00, 
0x00, 0x00, 0x00, 0x00, 0x00, 
0x00, 0x00, 0x00, 0x00, 0x00, 
0x01, 0x00, 0x00, 0x00, 0x00, 
0x01, 0xE0, 0x00, 0x00, 0x00, 
0x01, 0xFC, 0x00, 0x00, 0x00, 
0x00, 0xFF, 0x80, 0x00, 0x00, 
0x00, 0x1F, 0xF0, 0x00, 0x00, 
0x00, 0x03, 0xFE, 0x00, 0x00, 
0x00, 0x00, 0xFF, 0xC0, 0x00, 
0x00, 0x00, 0x1F, 0xF0, 0x00, 
0x00, 0x00, 0x03, 0xFC, 0x00, 
0x00, 0x00, 0x00, 0x7C, 0x00, 
0x00, 0x00, 0x03, 0xFC, 0x00, 
0x00, 0x00, 0x1F, 0xF0, 0x00, 
0x00, 0x00, 0xFF, 0xC0, 0x00, 
0x00, 0x03, 0xFE, 0x00, 0x00, 
0x00, 0x1F, 0xF0, 0x00, 0x00, 
0x00, 0xFF, 0x80, 0x00, 0x00, 
0x01, 0xFC, 0x00, 0x00, 0x00, 
0x01, 0xE0, 0x00, 0x00, 0x00, 
0x01, 0x00, 0x00, 0x00, 0x00, 
0x00, 0x00, 0x00, 0x00, 0x00, 
0x00, 0x00, 0x00, 0x00, 0x00, 
0x00, 0x00, 0x00, 0x00, 0x00, 
0x00, 0x00, 0x00, 0x00, 0x00, 
0x00, 0x00, 0x00, 0x00, 0x00, 
0x00, 0x00, 0x00, 0x00, 0x00, 
0x00, 0x00, 0x00, 0x00, 0x00, 
0x00, 0x00, 0x00, 0x00, 0x00, 
0x00, 0x00, 0x00, 0x00, 0x00, 
0x00, 0x00, 0x00, 0x00, 0x00, 

// @5580 '?'
0x00, 0x00, 0x00, 0x00, 0x00, 
0x00, 0x00, 0x00, 0x00, 0x00, 
0x00, 0x00, 0x00, 0x00, 0x00, 
0x00, 0x00, 0x00, 0x00, 0x00, 
0x00, 0x00, 0x00, 0x00, 0x00, 
0x00, 0x03, 0xF8, 0x00, 0x00, 
0x00, 0x0F, 0xFE, 0x00, 0x00, 
0x00, 0x1F, 0xFF, 0x00, 0x00, 
0x00, 0x1C, 0x1F, 0x00, 0x00, 
0x00, 0x10, 0x0F, 0x80, 0x00, 
0x00, 0x00, 0x07, 0x80, 0x00, 
0x00, 0x00, 0x07, 0x80, 0x00, 
0x00, 0x00, 0x07, 0x80, 0x00, 
0x00, 0x00, 0x0F, 0x00, 0x00, 
0x00, 0x00, 0x1E, 0x00, 0x00, 
0x00, 0x00, 0x3C, 0x00, 0x00, 
0x00, 0x00, 0x78, 0x00, 0x00, 
0x00, 0x00, 0xF0, 0x00, 0x00, 
0x00, 0x00, 0xF0, 0x00, 0x00, 
0x00, 0x01, 0xE0, 0x00, 0x00, 
0x00, 0x01, 0xE0, 0x00, 0x00, 
0x00, 0x01, 0xE0, 0x00, 0x00, 
0x00, 0x01, 0xE0, 0x00, 0x00, 
0x00, 0x01, 0xE0, 0x00, 0x00, 
0x00, 0x00, 0x00, 0x00, 0x00, 
0x00, 0x00, 0x00, 0x00, 0x00, 
0x00, 0x00, 0x00, 0x00, 0x00, 
0x00, 0x01, 0xE0, 0x00, 0x00, 
0x00, 0x01, 0xE0, 0x00, 0x00, 
0x00, 0x01, 0xE0, 0x00, 0x00, 
0x00, 0x01, 0xE0, 0x00, 0x00, 
0x00, 0x00, 0x00, 0x00, 0x00, 
0x00, 0x00, 0x00, 0x00, 0x00, 
0x00, 0x00, 0x00, 0x00, 0x00, 
0x00, 0x00, 0x00, 0x00, 0x00, 
0x00, 0x00, 0x00, 0x00, 0x00, 

// @5760 '@'
0x00, 0x00, 0x00, 0x00, 0x00, 
0x00, 0x00, 0x00, 0x00, 0x00, 
0x00, 0x03, 0xFE, 0x00, 0x00, 
0x00, 0x1F, 0xFF, 0xC0, 0x00, 
0x00, 0x7F, 0xFF, 0xE0, 0x00, 
0x00, 0xFE, 0x03, 0xF8, 0x00, 
0x01, 0xF0, 0x00, 0x7C, 0x00, 
0x03, 0xC0, 0x00, 0x1E, 0x00, 
0x07, 0x80, 0x00, 0x0F, 0x00, 
0x0F, 0x00, 0x00, 0x07, 0x00, 
0x0E, 0x03, 0xF1, 0xC7, 0x80, 
0x1E, 0x07, 0xFD, 0xC3, 0x80, 
0x1C, 0x0F, 0xFF, 0xC3, 0xC0, 
0x1C, 0x1F, 0x0F, 0xC1, 0xC0, 
0x38, 0x1C, 0x03, 0xC1, 0xC0, 
0x38, 0x3C, 0x03, 0xC1, 0xC0, 
0x38, 0x38, 0x01, 0xC1, 0xC0, 
0x38, 0x38, 0x01, 0xC1, 0xC0, 
0x38, 0x38, 0x01, 0xC1, 0xC0, 
0x38, 0x38, 0x01, 0xC3, 0x80, 
0x38, 0x3C, 0x03, 0xC3, 0x80, 
0x38, 0x1C, 0x03, 0xC7, 0x00, 
0x1C, 0x1F, 0x0F, 0xCF, 0x00, 
0x1C, 0x0F, 0xFF, 0xFE, 0x00, 
0x1E, 0x07, 0xFD, 0xF8, 0x00, 
0x0E, 0x03, 0xF1, 0xE0, 0x00, 
0x0F, 0x00, 0x00, 0x00, 0x00, 
0x07, 0x80, 0x00, 0x00, 0x00, 
0x03, 0xC0, 0x00, 0x20, 0x00, 
0x01, 0xF0, 0x00, 0x70, 0x00, 
0x00, 0xFE, 0x03, 0xF0, 0x00, 
0x00, 0x7F, 0xFF, 0xE0, 0x00, 
0x00, 0x1F, 0xFF, 0x80, 0x00, 
0x00, 0x03, 0xFC, 0x00, 0x00, 
0x00, 0x00, 0x00, 0x00, 0x00, 
0x00, 0x00, 0x00, 0x00, 0x00, 

// @5940 'A'
0x00, 0x00, 0x00, 0x00, 0x00, 
0x00, 0x00, 0x00, 0x00, 0x00, 
0x00, 0x00, 0x00, 0x00, 0x00, 
0x00, 0x00, 0x00, 0x00, 0x00, 
0x00, 0x00, 0x00, 0x00, 0x00, 
0x00, 0x01, 0xE0, 0x00, 0x00, 
0x00, 0x03, 0xF0, 0x00, 0x00, 
0x00, 0x03, 0xF0, 0x00, 0x00, 
0x00, 0x03, 0xF0, 0x00, 0x00, 
0x00, 0x07, 0xF8, 0x00, 0x00, 
0x00, 0x07, 0xF8, 0x00, 0x00, 
0x00, 0x0F, 0xFC, 0x00, 0x00, 
0x00, 0x0F, 0x3C, 0x00, 0x00, 
0x00, 0x0F, 0x3C, 0x00, 0x00, 
0x00, 0x1F, 0x3E, 0x00, 0x00, 
0x00, 0x1E, 0x1E, 0x00, 0x00, 
0x00, 0x1E, 0x1E, 0x00, 0x00, 
0x00, 0x3C, 0x0F, 0x00, 0x00, 
0x00, 0x3C, 0x0F, 0x00, 0x00, 
0x00, 0x7C, 0x0F, 0x80, 0x00, 
0x00, 0x78, 0x07, 0x80, 0x00, 
0x00, 0x7F, 0xFF, 0x80, 0x00, 
0x00, 0xFF, 0xFF, 0xC0, 0x00, 
0x00, 0xFF, 0xFF, 0xC0, 0x00, 
0x01, 0xF0, 0x03, 0xE0, 0x00, 
0x01, 0xE0, 0x01, 0xE0, 0x00, 
0x01, 0xE0, 0x01, 0xE0, 0x00, 
0x03, 0xE0, 0x01, 0xF0, 0x00, 
0x03, 0xC0, 0x00, 0xF0, 0x00, 
0x03, 0xC0, 0x00, 0xF0, 0x00, 
0x07, 0x80, 0x00, 0x78, 0x00, 
0x00, 0x00, 0x00, 0x00, 0x00, 
0x00, 0x00, 0x00, 0x00, 0x00, 
0x00, 0x00, 0x00, 0x00, 0x00, 
0x00, 0x00, 0x00, 0x00, 0x00, 
0x00, 0x00, 0x00, 0x00, 0x00, 

// @6120 'B'
0x00, 0x00, 0x00, 0x00, 0x00, 
0x00, 0x00, 0x00, 0x00, 0x00, 
0x00, 0x00, 0x00, 0x00, 0x00, 
0x00, 0x00, 0x00, 0x00, 0x00, 
0x00, 0x00, 0x00, 0x00, 0x00, 
0x00, 0xFF, 0xF8, 0x00, 0x00, 
0x00, 0xFF, 0xFE, 0x00, 0x00, 
0x00, 0xFF, 0xFF, 0x80, 0x00, 
0x00, 0xF0, 0x0F, 0x80, 0x00, 
0x00, 0xF0, 0x07, 0xC0, 0x00, 
0x00, 0xF0, 0x03, 0xC0, 0x00, 
0x00, 0xF0, 0x03, 0xC0, 0x00, 
0x00, 0xF0, 0x03, 0xC0, 0x00, 
0x00, 0xF0, 0x03, 0xC0, 0x00, 
0x00, 0xF0, 0x07, 0x80, 0x00, 
0x00, 0xF0, 0x0F, 0x80, 0x00, 
0x00, 0xFF, 0xFF, 0x00, 0x00, 
0x00, 0xFF, 0xFC, 0x00, 0x00, 
0x00, 0xFF, 0xFF, 0x00, 0x00, 
0x00, 0xF0, 0x07, 0x80, 0x00, 
0x00, 0xF0, 0x03, 0xC0, 0x00, 
0x00, 0xF0, 0x01, 0xE0, 0x00, 
0x00, 0xF0, 0x01, 0xE0, 0x00, 
0x00, 0xF0, 0x01, 0xE0, 0x00, 
0x00, 0xF0, 0x01, 0xE0, 0x00, 
0x00, 0xF0, 0x01, 0xE0, 0x00, 
0x00, 0xF0, 0x03, 0xE0, 0x00, 
0x00, 0xF0, 0x07, 0xC0, 0x00, 
0x00, 0xFF, 0xFF, 0x80, 0x00, 
0x00, 0xFF, 0xFF, 0x00, 0x00, 
0x00, 0xFF, 0xFC, 0x00, 0x00, 
0x00, 0x00, 0x00, 0x00, 0x00, 
0x00, 0x00, 0x00, 0x00, 0x00, 
0x00, 0x00, 0x00, 0x00, 0x00, 
0x00, 0x00, 0x00, 0x00, 0x00, 
0x00, 0x00, 0x00, 0x00, 0x00, 

// @6300 'C'
0x00, 0x00, 0x00, 0x00, 0x00, 
0x00, 0x00, 0x00, 0x00, 0x00, 
0x00, 0x00, 0x00, 0x00, 0x00, 
0x00, 0x00, 0x00, 0x00, 0x00, 
0x00, 0x00, 0x00, 0x00, 0x00, 
0x00, 0x00, 0xFE, 0x00, 0x00, 
0x00, 0x07, 0xFF, 0xC0, 0x00, 
0x00, 0x1F, 0xFF, 0xE0, 0x00, 
0x00, 0x3F, 0x81, 0xF0, 0x00, 
0x00, 0x7E, 0x00, 0x70, 0x00, 
0x00, 0x78, 0x00, 0x30, 0x00, 
0x00, 0xF8, 0x00, 0x00, 0x00, 
0x00, 0xF0, 0x00, 0x00, 0x00, 
0x00, 0xF0, 0x00, 0x00, 0x00, 
0x01, 0xE0, 0x00, 0x00, 0x00, 
0x01, 0xE0, 0x00, 0x00, 0x00, 
0x01, 0xE0, 0x00, 0x00, 0x00, 
0x01, 0xE0, 0x00, 0x00, 0x00, 
0x01, 0xE0, 0x00, 0x00, 0x00, 
0x01, 0xE0, 0x00, 0x00, 0x00, 
0x01, 0xE0, 0x00, 0x00, 0x00, 
0x01, 0xE0, 0x00, 0x00, 0x00, 
0x00, 0xF0, 0x00, 0x00, 0x00, 
0x00, 0xF0, 0x00, 0x00, 0x00, 
0x00, 0xF8, 0x00, 0x00, 0x00, 
0x00, 0x78, 0x00, 0x30, 0x00, 
0x00, 0x7E, 0x00, 0x70, 0x00, 
0x00, 0x3F, 0x81, 0xF0, 0x00, 
0x00, 0x1F, 0xFF, 0xE0, 0x00, 
0x00, 0x07, 0xFF, 0xC0, 0x00, 
0x00, 0x01, 0xFE, 0x00, 0x00, 
0x00, 0x00, 0x00, 0x00, 0x00, 
0x00, 0x00, 0x00, 0x00, 0x00, 
0x00, 0x00, 0x00, 0x00, 0x00, 
0x00, 0x00, 0x00, 0x00, 0x00, 
0x00, 0x00, 0x00, 0x00, 0x00, 

// @6480 'D'
0x00, 0x00, 0x00, 0x00, 0x00, 
0x00, 0x00, 0x00, 0x00, 0x00, 
0x00, 0x00, 0x00, 0x00, 0x00, 
0x00, 0x00, 0x00, 0x00, 0x00, 
0x00, 0x00, 0x00, 0x00, 0x00, 
0x01, 0xFF, 0xF0, 0x00, 0x00, 
0x01, 0xFF, 0xFE, 0x00, 0x00, 
0x01, 0xFF, 0xFF, 0x80, 0x00, 
0x01, 0xE0, 0x1F, 0xC0, 0x00, 
0x01, 0xE0, 0x07, 0xE0, 0x00, 
0x01, 0xE0, 0x01, 0xE0, 0x00, 
0x01, 0xE0, 0x01, 0xF0, 0x00, 
0x01, 0xE0, 0x00, 0xF0, 0x00, 
0x01, 0xE0, 0x00, 0xF8, 0x00, 
0x01, 0xE0, 0x00, 0x78, 0x00, 
0x01, 0xE0, 0x00, 0x78, 0x00, 
0x01, 0xE0, 0x00, 0x78, 0x00, 
0x01, 0xE0, 0x00, 0x78, 0x00, 
0x01, 0xE0, 0x00, 0x78, 0x00, 
0x01, 0xE0, 0x00, 0x78, 0x00, 
0x01, 0xE0, 0x00, 0x78, 0x00, 
0x01, 0xE0, 0x00, 0x78, 0x00, 
0x01, 0xE0, 0x00, 0xF0, 0x00, 
0x01, 0xE0, 0x00, 0xF0, 0x00, 
0x01, 0xE0, 0x01, 0xF0, 0x00, 
0x01, 0xE0, 0x01, 0xE0, 0x00, 
0x01, 0xE0, 0x07, 0xE0, 0x00, 
0x01, 0xE0, 0x1F, 0xC0, 0x00, 
0x01, 0xFF, 0xFF, 0x80, 0x00, 
0x01, 0xFF, 0xFE, 0x00, 0x00, 
0x01, 0xFF, 0xF0, 0x00, 0x00, 
0x00, 0x00, 0x00, 0x00, 0x00, 
0x00, 0x00, 0x00, 0x00, 0x00, 
0x00, 0x00, 0x00, 0x00, 0x00, 
0x00, 0x00, 0x00, 0x00, 0x00, 
0x00, 0x00, 0x00, 0x00, 0x00, 

// @6660 'E'
0x00, 0x00, 0x00, 0x00, 0x00, 
0x00, 0x00, 0x00, 0x00, 0x00, 
0x00, 0x00, 0x00, 0x00, 0x00, 
0x00, 0x00, 0x00, 0x00, 0x00, 
0x00, 0x00, 0x00, 0x00, 0x00, 
0x00, 0x7F, 0xFF, 0xC0, 0x00, 
0x00, 0x7F, 0xFF, 0xC0, 0x00, 
0x00, 0x7F, 0xFF, 0xC0, 0x00, 
0x00, 0x78, 0x00, 0x00, 0x00, 
0x00, 0x78, 0x00, 0x00, 0x00, 
0x00, 0x78, 0x00, 0x00, 0x00, 
0x00, 0x78, 0x00, 0x00, 0x00, 
0x00, 0x78, 0x00, 0x00, 0x00, 
0x00, 0x78, 0x00, 0x00, 0x00, 
0x00, 0x78, 0x00, 0x00, 0x00, 
0x00, 0x78, 0x00, 0x00, 0x00, 
0x00, 0x7F, 0xFF, 0x80, 0x00, 
0x00, 0x7F, 0xFF, 0x80, 0x00, 
0x00, 0x7F, 0xFF, 0x80, 0x00, 
0x00, 0x78, 0x00, 0x00, 0x00, 
0x00, 0x78, 0x00, 0x00, 0x00, 
0x00, 0x78, 0x00, 0x00, 0x00, 
0x00, 0x78, 0x00, 0x00, 0x00, 
0x00, 0x78, 0x00, 0x00, 0x00, 
0x00, 0x78, 0x00, 0x00, 0x00, 
0x00, 0x78, 0x00, 0x00, 0x00, 
0x00, 0x78, 0x00, 0x00, 0x00, 
0x00, 0x78, 0x00, 0x00, 0x00, 
0x00, 0x7F, 0xFF, 0xC0, 0x00, 
0x00, 0x7F, 0xFF, 0xC0, 0x00, 
0x00, 0x7F, 0xFF, 0xC0, 0x00, 
0x00, 0x00, 0x00, 0x00, 0x00, 
0x00, 0x00, 0x00, 0x00, 0x00, 
0x00, 0x00, 0x00, 0x00, 0x00, 
0x00, 0x00, 0x00, 0x00, 0x00, 
0x00, 0x00, 0x00, 0x00, 0x00, 

// @6840 'F'
0x00, 0x00, 0x00, 0x00, 0x00, 
0x00, 0x00, 0x00, 0x00, 0x00, 
0x00, 0x00, 0x00, 0x00, 0x00, 
0x00, 0x00, 0x00, 0x00, 0x00, 
0x00, 0x00, 0x00, 0x00, 0x00, 
0x00, 0x3F, 0xFF, 0x80, 0x00, 
0x00, 0x3F, 0xFF, 0x80, 0x00, 
0x00, 0x3F, 0xFF, 0x80, 0x00, 
0x00, 0x3C, 0x00, 0x00, 0x00, 
0x00, 0x3C, 0x00, 0x00, 0x00, 
0x00, 0x3C, 0x00, 0x00, 0x00, 
0x00, 0x3C, 0x00, 0x00, 0x00, 
0x00, 0x3C, 0x00, 0x00, 0x00, 
0x00, 0x3C, 0x00, 0x00, 0x00, 
0x00, 0x3C, 0x00, 0x00, 0x00, 
0x00, 0x3F, 0xFF, 0x00, 0x00, 
0x00, 0x3F, 0xFF, 0x00, 0x00, 
0x00, 0x3F, 0xFF, 0x00, 0x00, 
0x00, 0x3C, 0x00, 0x00, 0x00, 
0x00, 0x3C, 0x00, 0x00, 0x00, 
0x00, 0x3C, 0x00, 0x00, 0x00, 
0x00, 0x3C, 0x00, 0x00, 0x00, 
0x00, 0x3C, 0x00, 0x00, 0x00, 
0x00, 0x3C, 0x00, 0x00, 0x00, 
0x00, 0x3C, 0x00, 0x00, 0x00, 
0x00, 0x3C, 0x00, 0x00, 0x00, 
0x00, 0x3C, 0x00, 0x00, 0x00, 
0x00, 0x3C, 0x00, 0x00, 0x00, 
0x00, 0x3C, 0x00, 0x00, 0x00, 
0x00, 0x3C, 0x00, 0x00, 0x00, 
0x00, 0x3C, 0x00, 0x00, 0x00, 
0x00, 0x00, 0x00, 0x00, 0x00, 
0x00, 0x00, 0x00, 0x00, 0x00, 
0x00, 0x00, 0x00, 0x00, 0x00, 
0x00, 0x00, 0x00, 0x00, 0x00, 
0x00, 0x00, 0x00, 0x00, 0x00, 

// @7020 'G'
0x00, 0x00, 0x00, 0x00, 0x00, 
0x00, 0x00, 0x00, 0x00, 0x00, 
0x00, 0x00, 0x00, 0x00, 0x00, 
0x00, 0x00, 0x00, 0x00, 0x00, 
0x00, 0x00, 0x00, 0x00, 0x00, 
0x00, 0x01, 0xFE, 0x00, 0x00, 
0x00, 0x0F, 0xFF, 0xC0, 0x00, 
0x00, 0x3F, 0xFF, 0xE0, 0x00, 
0x00, 0x7F, 0x01, 0xF0, 0x00, 
0x00, 0xFC, 0x00, 0x70, 0x00, 
0x00, 0xF0, 0x00, 0x30, 0x00, 
0x01, 0xF0, 0x00, 0x10, 0x00, 
0x01, 0xE0, 0x00, 0x00, 0x00, 
0x01, 0xE0, 0x00, 0x00, 0x00, 
0x03, 0xC0, 0x00, 0x00, 0x00, 
0x03, 0xC0, 0x00, 0x00, 0x00, 
0x03, 0xC0, 0x00, 0x00, 0x00, 
0x03, 0xC0, 0x1F, 0xF8, 0x00, 
0x03, 0xC0, 0x1F, 0xF8, 0x00, 
0x03, 0xC0, 0x1F, 0xF8, 0x00, 
0x03, 0xC0, 0x00, 0x78, 0x00, 
0x03, 0xC0, 0x00, 0x78, 0x00, 
0x01, 0xE0, 0x00, 0x78, 0x00, 
0x01, 0xE0, 0x00, 0x78, 0x00, 
0x01, 0xF0, 0x00, 0x78, 0x00, 
0x00, 0xF0, 0x00, 0x78, 0x00, 
0x00, 0xFC, 0x00, 0x78, 0x00, 
0x00, 0x7F, 0x01, 0xF8, 0x00, 
0x00, 0x1F, 0xFF, 0xF0, 0x00, 
0x00, 0x0F, 0xFF, 0xC0, 0x00, 
0x00, 0x01, 0xFE, 0x00, 0x00, 
0x00, 0x00, 0x00, 0x00, 0x00, 
0x00, 0x00, 0x00, 0x00, 0x00, 
0x00, 0x00, 0x00, 0x00, 0x00, 
0x00, 0x00, 0x00, 0x00, 0x00, 
0x00, 0x00, 0x00, 0x00, 0x00, 

// @7200 'H'
0x00, 0x00, 0x00, 0x00, 0x00, 
0x00, 0x00, 0x00, 0x00, 0x00, 
0x00, 0x00, 0x00, 0x00, 0x00, 
0x00, 0x00, 0x00, 0x00, 0x00, 
0x00, 0x00, 0x00, 0x00, 0x00, 
0x01, 0xE0, 0x01, 0xE0, 0x00, 
0x01, 0xE0, 0x01, 0xE0, 0x00, 
0x01, 0xE0, 0x01, 0xE0, 0x00, 
0x01, 0xE0, 0x01, 0xE0, 0x00, 
0x01, 0xE0, 0x01, 0xE0, 0x00, 
0x01, 0xE0, 0x01, 0xE0, 0x00, 
0x01, 0xE0, 0x01, 0xE0, 0x00, 
0x01, 0xE0, 0x01, 0xE0, 0x00, 
0x01, 0xE0, 0x01, 0xE0, 0x00, 
0x01, 0xE0, 0x01, 0xE0, 0x00, 
0x01, 0xE0, 0x01, 0xE0, 0x00, 
0x01, 0xFF, 0xFF, 0xE0, 0x00, 
0x01, 0xFF, 0xFF, 0xE0, 0x00, 
0x01, 0xFF, 0xFF, 0xE0, 0x00, 
0x01, 0xE0, 0x01, 0xE0, 0x00, 
0x01, 0xE0, 0x01, 0xE0, 0x00, 
0x01, 0xE0, 0x01, 0xE0, 0x00, 
0x01, 0xE0, 0x01, 0xE0, 0x00, 
0x01, 0xE0, 0x01, 0xE0, 0x00, 
0x01, 0xE0, 0x01, 0xE0, 0x00, 
0x01, 0xE0, 0x01, 0xE0, 0x00, 
0x01, 0xE0, 0x01, 0xE0, 0x00, 
0x01, 0xE0, 0x01, 0xE0, 0x00, 
0x01, 0xE0, 0x01, 0xE0, 0x00, 
0x01, 0xE0, 0x01, 0xE0, 0x00, 
0x01, 0xE0, 0x01, 0xE0, 0x00, 
0x00, 0x00, 0x00, 0x00, 0x00, 
0x00, 0x00, 0x00, 0x00, 0x00, 
0x00, 0x00, 0x00, 0x00, 0x00, 
0x00, 0x00, 0x00, 0x00, 0x00, 
0x00, 0x00, 0x00, 0x00, 0x00, 

// @7380 'I'
0x00, 0x00, 0x00, 0x00, 0x00, 
0x00, 0x00, 0x00, 0x00, 0x00, 
0x00, 0x00, 0x00, 0x00, 0x00, 
0x00, 0x00, 0x00, 0x00, 0x00, 
0x00, 0x00, 0x00, 0x00, 0x00, 
0x00, 0x01, 0xE0, 0x00, 0x00, 
0x00, 0x01, 0xE0, 0x00, 0x00, 
0x00, 0x01, 0xE0, 0x00, 0x00, 
0x00, 0x01, 0xE0, 0x00, 0x00, 
0x00, 0x01, 0xE0, 0x00, 0x00, 
0x00, 0x01, 0xE0, 0x00, 0x00, 
0x00, 0x01, 0xE0, 0x00, 0x00, 
0x00, 0x01, 0xE0, 0x00, 0x00, 
0x00, 0x01, 0xE0, 0x00, 0x00, 
0x00, 0x01, 0xE0, 0x00, 0x00, 
0x00, 0x01, 0xE0, 0x00, 0x00, 
0x00, 0x01, 0xE0, 0x00, 0x00, 
0x00, 0x01, 0xE0, 0x00, 0x00, 
0x00, 0x01, 0xE0, 0x00, 0x00, 
0x00, 0x01, 0xE0, 0x00, 0x00, 
0x00, 0x01, 0xE0, 0x00, 0x00, 
0x00, 0x01, 0xE0, 0x00, 0x00, 
0x00, 0x01, 0xE0, 0x00, 0x00, 
0x00, 0x01, 0xE0, 0x00, 0x00, 
0x00, 0x01, 0xE0, 0x00, 0x00, 
0x00, 0x01, 0xE0, 0x00, 0x00, 
0x00, 0x01, 0xE0, 0x00, 0x00, 
0x00, 0x01, 0xE0, 0x00, 0x00, 
0x00, 0x01, 0xE0, 0x00, 0x00, 
0x00, 0x01, 0xE0, 0x00, 0x00, 
0x00, 0x01, 0xE0, 0x00, 0x00, 
0x00, 0x00, 0x00, 0x00, 0x00, 
0x00, 0x00, 0x00, 0x00, 0x00, 
0x00, 0x00, 0x00, 0x00, 0x00, 
0x00, 0x00, 0x00, 0x00, 0x00, 
0x00, 0x00, 0x00, 0x00, 0x00, 

// @7560 'J'
0x00, 0x00, 0x00, 0x00, 0x00, 
0x00, 0x00, 0xF0, 0x00, 0x00, 
0x00, 0x00, 0xF0, 0x00, 0x00, 
0x00, 0x00, 0xF0, 0x00, 0x00, 
0x00, 0x00, 0xF0, 0x00, 0x00, 
0x00, 0x00, 0xF0, 0x00, 0x00, 
0x00, 0x00, 0xF0, 0x00, 0x00, 
0x00, 0x00, 0xF0, 0x00, 0x00, 
0x00, 0x00, 0xF0, 0x00, 0x00, 
0x00, 0x00, 0xF0, 0x00, 0x00, 
0x00, 0x00, 0xF0, 0x00, 0x00, 
0x00, 0x00, 0xF0, 0x00, 0x00, 
0x00, 0x00, 0xF0, 0x00, 0x00, 
0x00, 0x00, 0xF0, 0x00, 0x00, 
0x00, 0x00, 0xF0, 0x00, 0x00, 
0x00, 0x00, 0xF0, 0x00, 0x00, 
0x00, 0x00, 0xF0, 0x00, 0x00, 
0x00, 0x00, 0xF0, 0x00, 0x00, 
0x00, 0x00, 0xF0, 0x00, 0x00, 
0x00, 0x00, 0xF0, 0x00, 0x00, 
0x00, 0x00, 0xF0, 0x00, 0x00, 
0x00, 0x00, 0xF0, 0x00, 0x00, 
0x00, 0x00, 0xF0, 0x00, 0x00, 
0x00, 0x00, 0xF0, 0x00, 0x00, 
0x00, 0x00, 0xF0, 0x00, 0x00, 
0x00, 0x00, 0xF0, 0x00, 0x00, 
0x00, 0x00, 0xF0, 0x00, 0x00, 
0x00, 0x00, 0xF0, 0x00, 0x00, 
0x00, 0x00, 0xF0, 0x00, 0x00, 
0x00, 0x01, 0xE0, 0x00, 0x00, 
0x00, 0x03, 0xE0, 0x00, 0x00, 
0x00, 0x1F, 0xC0, 0x00, 0x00, 
0x00, 0x1F, 0x80, 0x00, 0x00, 
0x00, 0x1F, 0x00, 0x00, 0x00, 
0x00, 0x00, 0x00, 0x00, 0x00, 
0x00, 0x00, 0x00, 0x00, 0x00, 

// @7740 'K'
0x00, 0x00, 0x00, 0x00, 0x00, 
0x00, 0x00, 0x00, 0x00, 0x00, 
0x00, 0x00, 0x00, 0x00, 0x00, 
0x00, 0x00, 0x00, 0x00, 0x00, 
0x00, 0x00, 0x00, 0x00, 0x00, 
0x00, 0x78, 0x01, 0xF0, 0x00, 
0x00, 0x78, 0x03, 0xE0, 0x00, 
0x00, 0x78, 0x07, 0xC0, 0x00, 
0x00, 0x78, 0x1F, 0x80, 0x00, 
0x00, 0x78, 0x3F, 0x00, 0x00, 
0x00, 0x78, 0x7E, 0x00, 0x00, 
0x00, 0x78, 0xFC, 0x00, 0x00, 
0x00, 0x79, 0xF8, 0x00, 0x00, 
0x00, 0x7B, 0xF0, 0x00, 0x00, 
0x00, 0x7F, 0xE0, 0x00, 0x00, 
0x00, 0x7F, 0xC0, 0x00, 0x00, 
0x00, 0x7F, 0x80, 0x00, 0x00, 
0x00, 0x7F, 0x80, 0x00, 0x00, 
0x00, 0x7F, 0xC0, 0x00, 0x00, 
0x00, 0x7F, 0xE0, 0x00, 0x00, 
0x00, 0x7B, 0xF0, 0x00, 0x00, 
0x00, 0x79, 0xF8, 0x00, 0x00, 
0x00, 0x78, 0xFC, 0x00, 0x00, 
0x00, 0x78, 0x7E, 0x00, 0x00, 
0x00, 0x78, 0x3F, 0x00, 0x00, 
0x00, 0x78, 0x1F, 0x80, 0x00, 
0x00, 0x78, 0x0F, 0xC0, 0x00, 
0x00, 0x78, 0x07, 0xE0, 0x00, 
0x00, 0x78, 0x03, 0xF0, 0x00, 
0x00, 0x78, 0x01, 0xF8, 0x00, 
0x00, 0x78, 0x00, 0xFC, 0x00, 
0x00, 0x00, 0x00, 0x00, 0x00, 
0x00, 0x00, 0x00, 0x00, 0x00, 
0x00, 0x00, 0x00, 0x00, 0x00, 
0x00, 0x00, 0x00, 0x00, 0x00, 
0x00, 0x00, 0x00, 0x00, 0x00, 

// @7920 'L'
0x00, 0x00, 0x00, 0x00, 0x00, 
0x00, 0x00, 0x00, 0x00, 0x00, 
0x00, 0x00, 0x00, 0x00, 0x00, 
0x00, 0x00, 0x00, 0x00, 0x00, 
0x00, 0x00, 0x00, 0x00, 0x00, 
0x00, 0x1E, 0x00, 0x00, 0x00, 
0x00, 0x1E, 0x00, 0x00, 0x00, 
0x00, 0x1E, 0x00, 0x00, 0x00, 
0x00, 0x1E, 0x00, 0x00, 0x00, 
0x00, 0x1E, 0x00, 0x00, 0x00, 
0x00, 0x1E, 0x00, 0x00, 0x00, 
0x00, 0x1E, 0x00, 0x00, 0x00, 
0x00, 0x1E, 0x00, 0x00, 0x00, 
0x00, 0x1E, 0x00, 0x00, 0x00, 
0x00, 0x1E, 0x00, 0x00, 0x00, 
0x00, 0x1E, 0x00, 0x00, 0x00, 
0x00, 0x1E, 0x00, 0x00, 0x00, 
0x00, 0x1E, 0x00, 0x00, 0x00, 
0x00, 0x1E, 0x00, 0x00, 0x00, 
0x00, 0x1E, 0x00, 0x00, 0x00, 
0x00, 0x1E, 0x00, 0x00, 0x00, 
0x00, 0x1E, 0x00, 0x00, 0x00, 
0x00, 0x1E, 0x00, 0x00, 0x00, 
0x00, 0x1E, 0x00, 0x00, 0x00, 
0x00, 0x1E, 0x00, 0x00, 0x00, 
0x00, 0x1E, 0x00, 0x00, 0x00, 
0x00, 0x1E, 0x00, 0x00, 0x00, 
0x00, 0x1E, 0x00, 0x00, 0x00, 
0x00, 0x1F, 0xFF, 0xE0, 0x00, 
0x00, 0x1F, 0xFF, 0xE0, 0x00, 
0x00, 0x1F, 0xFF, 0xE0, 0x00, 
0x00, 0x00, 0x00, 0x00, 0x00, 
0x00, 0x00, 0x00, 0x00, 0x00, 
0x00, 0x00, 0x00, 0x00, 0x00, 
0x00, 0x00, 0x00, 0x00, 0x00, 
0x00, 0x00, 0x00, 0x00, 0x00, 

// @8100 'M'
0x00, 0x00, 0x00, 0x00, 0x00, 
0x00, 0x00, 0x00, 0x00, 0x00, 
0x00, 0x00, 0x00, 0x00, 0x00, 
0x00, 0x00, 0x00, 0x00, 0x00, 
0x00, 0x00, 0x00, 0x00, 0x00, 
0x07, 0xF0, 0x03, 0xF8, 0x00, 
0x07, 0xF8, 0x07, 0xF8, 0x00, 
0x07, 0xF8, 0x07, 0xF8, 0x00, 
0x07, 0xF8, 0x07, 0xF8, 0x00, 
0x07, 0xFC, 0x0F, 0xF8, 0x00, 
0x07, 0xBC, 0x0F, 0x78, 0x00, 
0x07, 0xBC, 0x0F, 0x78, 0x00, 
0x07, 0x9E, 0x1E, 0x78, 0x00, 
0x07, 0x9E, 0x1E, 0x78, 0x00, 
0x07, 0x9E, 0x3E, 0x78, 0x00, 
0x07, 0x8F, 0x3C, 0x78, 0x00, 
0x07, 0x8F, 0x3C, 0x78, 0x00, 
0x07, 0x8F, 0xFC, 0x78, 0x00, 
0x07, 0x87, 0xF8, 0x78, 0x00, 
0x07, 0x87, 0xF8, 0x78, 0x00, 
0x07, 0x87, 0xF8, 0x78, 0x00, 
0x07, 0x83, 0xF0, 0x78, 0x00, 
0x07, 0x83, 0xF0, 0x78, 0x00, 
0x07, 0x83, 0xF0, 0x78, 0x00, 
0x07, 0x81, 0xE0, 0x78, 0x00, 
0x07, 0x81, 0xE0, 0x78, 0x00, 
0x07, 0x80, 0x00, 0x78, 0x00, 
0x07, 0x80, 0x00, 0x78, 0x00, 
0x07, 0x80, 0x00, 0x78, 0x00, 
0x07, 0x80, 0x00, 0x78, 0x00, 
0x07, 0x80, 0x00, 0x78, 0x00, 
0x00, 0x00, 0x00, 0x00, 0x00, 
0x00, 0x00, 0x00, 0x00, 0x00, 
0x00, 0x00, 0x00, 0x00, 0x00, 
0x00, 0x00, 0x00, 0x00, 0x00, 
0x00, 0x00, 0x00, 0x00, 0x00, 

// @8280 'N'
0x00, 0x00, 0x00, 0x00, 0x00, 
0x00, 0x00, 0x00, 0x00, 0x00, 
0x00, 0x00, 0x00, 0x00, 0x00, 
0x00, 0x00, 0x00, 0x00, 0x00, 
0x00, 0x00, 0x00, 0x00, 0x00, 
0x01, 0xF8, 0x01, 0xE0, 0x00, 
0x01, 0xF8, 0x01, 0xE0, 0x00, 
0x01, 0xFC, 0x01, 0xE0, 0x00, 
0x01, 0xFC, 0x01, 0xE0, 0x00, 
0x01, 0xFE, 0x01, 0xE0, 0x00, 
0x01, 0xFE, 0x01, 0xE0, 0x00, 
0x01, 0xFF, 0x01, 0xE0, 0x00, 
0x01, 0xEF, 0x01, 0xE0, 0x00, 
0x01, 0xEF, 0x81, 0xE0, 0x00, 
0x01, 0xE7, 0xC1, 0xE0, 0x00, 
0x01, 0xE7, 0xC1, 0xE0, 0x00, 
0x01, 0xE3, 0xE1, 0xE0, 0x00, 
0x01, 0xE3, 0xE1, 0xE0, 0x00, 
0x01, 0xE1, 0xF1, 0xE0, 0x00, 
0x01, 0xE0, 0xF1, 0xE0, 0x00, 
0x01, 0xE0, 0xF9, 0xE0, 0x00, 
0x01, 0xE0, 0x79, 0xE0, 0x00, 
0x01, 0xE0, 0x7D, 0xE0, 0x00, 
0x01, 0xE0, 0x3D, 0xE0, 0x00, 
0x01, 0xE0, 0x3F, 0xE0, 0x00, 
0x01, 0xE0, 0x1F, 0xE0, 0x00, 
0x01, 0xE0, 0x1F, 0xE0, 0x00, 
0x01, 0xE0, 0x0F, 0xE0, 0x00, 
0x01, 0xE0, 0x0F, 0xE0, 0x00, 
0x01, 0xE0, 0x07, 0xE0, 0x00, 
0x01, 0xE0, 0x07, 0xE0, 0x00, 
0x00, 0x00, 0x00, 0x00, 0x00, 
0x00, 0x00, 0x00, 0x00, 0x00, 
0x00, 0x00, 0x00, 0x00, 0x00, 
0x00, 0x00, 0x00, 0x00, 0x00, 
0x00, 0x00, 0x00, 0x00, 0x00, 

// @8460 'O'
0x00, 0x00, 0x00, 0x00, 0x00, 
0x00, 0x00, 0x00, 0x00, 0x00, 
0x00, 0x00, 0x00, 0x00, 0x00, 
0x00, 0x00, 0x00, 0x00, 0x00, 
0x00, 0x00, 0x00, 0x00, 0x00, 
0x00, 0x03, 0xFC, 0x00, 0x00, 
0x00, 0x0F, 0xFF, 0x00, 0x00, 
0x00, 0x3F, 0xFF, 0xC0, 0x00, 
0x00, 0x7E, 0x07, 0xE0, 0x00, 
0x00, 0xF8, 0x01, 0xF0, 0x00, 
0x00, 0xF0, 0x00, 0xF0, 0x00, 
0x01, 0xF0, 0x00, 0xF8, 0x00, 
0x01, 0xE0, 0x00, 0x78, 0x00, 
0x01, 0xE0, 0x00, 0x78, 0x00, 
0x03, 0xC0, 0x00, 0x3C, 0x00, 
0x03, 0xC0, 0x00, 0x3C, 0x00, 
0x03, 0xC0, 0x00, 0x3C, 0x00, 
0x03, 0xC0, 0x00, 0x3C, 0x00, 
0x03, 0xC0, 0x00, 0x3C, 0x00, 
0x03, 0xC0, 0x00, 0x3C, 0x00, 
0x03, 0xC0, 0x00, 0x3C, 0x00, 
0x03, 0xC0, 0x00, 0x3C, 0x00, 
0x01, 0xE0, 0x00, 0x78, 0x00, 
0x01, 0xE0, 0x00, 0x78, 0x00, 
0x01, 0xF0, 0x00, 0xF8, 0x00, 
0x00, 0xF0, 0x00, 0xF0, 0x00, 
0x00, 0xF8, 0x01, 0xF0, 0x00, 
0x00, 0x7E, 0x07, 0xE0, 0x00, 
0x00, 0x3F, 0xFF, 0xC0, 0x00, 
0x00, 0x0F, 0xFF, 0x00, 0x00, 
0x00, 0x03, 0xFC, 0x00, 0x00, 
0x00, 0x00, 0x00, 0x00, 0x00, 
0x00, 0x00, 0x00, 0x00, 0x00, 
0x00, 0x00, 0x00, 0x00, 0x00, 
0x00, 0x00, 0x00, 0x00, 0x00, 
0x00, 0x00, 0x00, 0x00, 0x00, 

// @8640 'P'
0x00, 0x00, 0x00, 0x00, 0x00, 
0x00, 0x00, 0x00, 0x00, 0x00, 
0x00, 0x00, 0x00, 0x00, 0x00, 
0x00, 0x00, 0x00, 0x00, 0x00, 
0x00, 0x00, 0x00, 0x00, 0x00, 
0x00, 0x3F, 0xFC, 0x00, 0x00, 
0x00, 0x3F, 0xFF, 0x00, 0x00, 
0x00, 0x3F, 0xFF, 0x80, 0x00, 
0x00, 0x3C, 0x07, 0xC0, 0x00, 
0x00, 0x3C, 0x03, 0xC0, 0x00, 
0x00, 0x3C, 0x03, 0xE0, 0x00, 
0x00, 0x3C, 0x01, 0xE0, 0x00, 
0x00, 0x3C, 0x01, 0xE0, 0x00, 
0x00, 0x3C, 0x01, 0xE0, 0x00, 
0x00, 0x3C, 0x01, 0xE0, 0x00, 
0x00, 0x3C, 0x01, 0xE0, 0x00, 
0x00, 0x3C, 0x03, 0xC0, 0x00, 
0x00, 0x3C, 0x07, 0xC0, 0x00, 
0x00, 0x3F, 0xFF, 0x80, 0x00, 
0x00, 0x3F, 0xFF, 0x00, 0x00, 
0x00, 0x3F, 0xFC, 0x00, 0x00, 
0x00, 0x3C, 0x00, 0x00, 0x00, 
0x00, 0x3C, 0x00, 0x00, 0x00, 
0x00, 0x3C, 0x00, 0x00, 0x00, 
0x00, 0x3C, 0x00, 0x00, 0x00, 
0x00, 0x3C, 0x00, 0x00, 0x00, 
0x00, 0x3C, 0x00, 0x00, 0x00, 
0x00, 0x3C, 0x00, 0x00, 0x00, 
0x00, 0x3C, 0x00, 0x00, 0x00, 
0x00, 0x3C, 0x00, 0x00, 0x00, 
0x00, 0x3C, 0x00, 0x00, 0x00, 
0x00, 0x00, 0x00, 0x00, 0x00, 
0x00, 0x00, 0x00, 0x00, 0x00, 
0x00, 0x00, 0x00, 0x00, 0x00, 
0x00, 0x00, 0x00, 0x00, 0x00, 
0x00, 0x00, 0x00, 0x00, 0x00, 

// @8820 'Q'
0x00, 0x00, 0x00, 0x00, 0x00, 
0x00, 0x00, 0x00, 0x00, 0x00, 
0x00, 0x03, 0xFC, 0x00, 0x00, 
0x00, 0x0F, 0xFF, 0x00, 0x00, 
0x00, 0x3F, 0xFF, 0xC0, 0x00, 
0x00, 0x7E, 0x07, 0xE0, 0x00, 
0x00, 0xF8, 0x01, 0xF0, 0x00, 
0x00, 0xF0, 0x00, 0xF0, 0x00, 
0x01, 0xF0, 0x00, 0xF8, 0x00, 
0x01, 0xE0, 0x00, 0x78, 0x00, 
0x01, 0xE0, 0x00, 0x78, 0x00, 
0x03, 0xC0, 0x00, 0x3C, 0x00, 
0x03, 0xC0, 0x00, 0x3C, 0x00, 
0x03, 0xC0, 0x00, 0x3C, 0x00, 
0x03, 0xC0, 0x00, 0x3C, 0x00, 
0x03, 0xC0, 0x00, 0x3C, 0x00, 
0x03, 0xC0, 0x00, 0x3C, 0x00, 
0x03, 0xC0, 0x00, 0x3C, 0x00, 
0x03, 0xC0, 0x00, 0x3C, 0x00, 
0x01, 0xE0, 0x00, 0x78, 0x00, 
0x01, 0xE0, 0x00, 0x78, 0x00, 
0x01, 0xF0, 0x00, 0xF8, 0x00, 
0x00, 0xF0, 0x00, 0xF0, 0x00, 
0x00, 0xF8, 0x01, 0xE0, 0x00, 
0x00, 0x7E, 0x07, 0xC0, 0x00, 
0x00, 0x3F, 0xFF, 0x80, 0x00, 
0x00, 0x0F, 0xFF, 0x00, 0x00, 
0x00, 0x03, 0xFE, 0x00, 0x00, 
0x00, 0x00, 0x0F, 0x00, 0x00, 
0x00, 0x00, 0x07, 0x80, 0x00, 
0x00, 0x00, 0x03, 0x80, 0x00, 
0x00, 0x00, 0x03, 0xC0, 0x00, 
0x00, 0x00, 0x01, 0xE0, 0x00, 
0x00, 0x00, 0x00, 0x00, 0x00, 
0x00, 0x00, 0x00, 0x00, 0x00, 
0x00, 0x00, 0x00, 0x00, 0x00, 

// @9000 'R'
0x00, 0x00, 0x00, 0x00, 0x00, 
0x00, 0x00, 0x00, 0x00, 0x00, 
0x00, 0x00, 0x00, 0x00, 0x00, 
0x00, 0x00, 0x00, 0x00, 0x00, 
0x00, 0x00, 0x00, 0x00, 0x00, 
0x00, 0xFF, 0xF0, 0x00, 0x00, 
0x00, 0xFF, 0xFC, 0x00, 0x00, 
0x00, 0xFF, 0xFE, 0x00, 0x00, 
0x00, 0xF0, 0x1F, 0x00, 0x00, 
0x00, 0xF0, 0x0F, 0x80, 0x00, 
0x00, 0xF0, 0x07, 0x80, 0x00, 
0x00, 0xF0, 0x07, 0x80, 0x00, 
0x00, 0xF0, 0x07, 0x80, 0x00, 
0x00, 0xF0, 0x07, 0x80, 0x00, 
0x00, 0xF0, 0x07, 0x80, 0x00, 
0x00, 0xF0, 0x0F, 0x00, 0x00, 
0x00, 0xF0, 0x1F, 0x00, 0x00, 
0x00, 0xFF, 0xFE, 0x00, 0x00, 
0x00, 0xFF, 0xF8, 0x00, 0x00, 
0x00, 0xFF, 0xFC, 0x00, 0x00, 
0x00, 0xF0, 0x7E, 0x00, 0x00, 
0x00, 0xF0, 0x1E, 0x00, 0x00, 
0x00, 0xF0, 0x1F, 0x00, 0x00, 
0x00, 0xF0, 0x0F, 0x80, 0x00, 
0x00, 0xF0, 0x07, 0x80, 0x00, 
0x00, 0xF0, 0x07, 0xC0, 0x00, 
0x00, 0xF0, 0x03, 0xC0, 0x00, 
0x00, 0xF0, 0x03, 0xE0, 0x00, 
0x00, 0xF0, 0x01, 0xF0, 0x00, 
0x00, 0xF0, 0x00, 0xF0, 0x00, 
0x00, 0xF0, 0x00, 0xF8, 0x00, 
0x00, 0x00, 0x00, 0x00, 0x00, 
0x00, 0x00, 0x00, 0x00, 0x00, 
0x00, 0x00, 0x00, 0x00, 0x00, 
0x00, 0x00, 0x00, 0x00, 0x00, 
0x00, 0x00, 0x00, 0x00, 0x00, 

// @9180 'S'
0x00, 0x00, 0x00, 0x00, 0x00, 
0x00, 0x00, 0x00, 0x00, 0x00, 
0x00, 0x00, 0x00, 0x00, 0x00, 
0x00, 0x00, 0x00, 0x00, 0x00, 
0x00, 0x00, 0x00, 0x00, 0x00, 
0x00, 0x07, 0xFC, 0x00, 0x00, 
0x00, 0x1F, 0xFF, 0x00, 0x00, 
0x00, 0x3F, 0xFF, 0x00, 0x00, 
0x00, 0x7C, 0x03, 0x00, 0x00, 
0x00, 0xF8, 0x00, 0x00, 0x00, 
0x00, 0xF0, 0x00, 0x00, 0x00, 
0x00, 0xF0, 0x00, 0x00, 0x00, 
0x00, 0xF0, 0x00, 0x00, 0x00, 
0x00, 0xF8, 0x00, 0x00, 0x00, 
0x00, 0xFE, 0x00, 0x00, 0x00, 
0x00, 0x7F, 0xE0, 0x00, 0x00, 
0x00, 0x3F, 0xFC, 0x00, 0x00, 
0x00, 0x1F, 0xFF, 0x00, 0x00, 
0x00, 0x03, 0xFF, 0x80, 0x00, 
0x00, 0x00, 0x3F, 0x80, 0x00, 
0x00, 0x00, 0x07, 0xC0, 0x00, 
0x00, 0x00, 0x07, 0xC0, 0x00, 
0x00, 0x00, 0x03, 0xC0, 0x00, 
0x00, 0x00, 0x03, 0xC0, 0x00, 
0x00, 0x00, 0x03, 0xC0, 0x00, 
0x00, 0x00, 0x03, 0xC0, 0x00, 
0x00, 0x80, 0x07, 0x80, 0x00, 
0x00, 0xF0, 0x1F, 0x80, 0x00, 
0x00, 0xFF, 0xFF, 0x00, 0x00, 
0x00, 0xFF, 0xFE, 0x00, 0x00, 
0x00, 0x3F, 0xF0, 0x00, 0x00, 
0x00, 0x00, 0x00, 0x00, 0x00, 
0x00, 0x00, 0x00, 0x00, 0x00, 
0x00, 0x00, 0x00, 0x00, 0x00, 
0x00, 0x00, 0x00, 0x00, 0x00, 
0x00, 0x00, 0x00, 0x00, 0x00, 

// @9360 'T'
0x00, 0x00, 0x00, 0x00, 0x00, 
0x00, 0x00, 0x00, 0x00, 0x00, 
0x00, 0x00, 0x00, 0x00, 0x00, 
0x00, 0x00, 0x00, 0x00, 0x00, 
0x00, 0x00, 0x00, 0x00, 0x00, 
0x01, 0xFF, 0xFF, 0xF8, 0x00, 
0x01, 0xFF, 0xFF, 0xF8, 0x00, 
0x01, 0xFF, 0xFF, 0xF8, 0x00, 
0x00, 0x00, 0xF0, 0x00, 0x00, 
0x00, 0x00, 0xF0, 0x00, 0x00, 
0x00, 0x00, 0xF0, 0x00, 0x00, 
0x00, 0x00, 0xF0, 0x00, 0x00, 
0x00, 0x00, 0xF0, 0x00, 0x00, 
0x00, 0x00, 0xF0, 0x00, 0x00, 
0x00, 0x00, 0xF0, 0x00, 0x00, 
0x00, 0x00, 0xF0, 0x00, 0x00, 
0x00, 0x00, 0xF0, 0x00, 0x00, 
0x00, 0x00, 0xF0, 0x00, 0x00, 
0x00, 0x00, 0xF0, 0x00, 0x00, 
0x00, 0x00, 0xF0, 0x00, 0x00, 
0x00, 0x00, 0xF0, 0x00, 0x00, 
0x00, 0x00, 0xF0, 0x00, 0x00, 
0x00, 0x00, 0xF0, 0x00, 0x00, 
0x00, 0x00, 0xF0, 0x00, 0x00, 
0x00, 0x00, 0xF0, 0x00, 0x00, 
0x00, 0x00, 0xF0, 0x00, 0x00, 
0x00, 0x00, 0xF0, 0x00, 0x00, 
0x00, 0x00, 0xF0, 0x00, 0x00, 
0x00, 0x00, 0xF0, 0x00, 0x00, 
0x00, 0x00, 0xF0, 0x00, 0x00, 
0x00, 0x00, 0xF0, 0x00, 0x00, 
0x00, 0x00, 0x00, 0x00, 0x00, 
0x00, 0x00, 0x00, 0x00, 0x00, 
0x00, 0x00, 0x00, 0x00, 0x00, 
0x00, 0x00, 0x00, 0x00, 0x00, 
0x00, 0x00, 0x00, 0x00, 0x00, 

// @9540 'U'
0x00, 0x00, 0x00, 0x00, 0x00, 
0x00, 0x00, 0x00, 0x00, 0x00, 
0x00, 0x00, 0x00, 0x00, 0x00, 
0x00, 0x00, 0x00, 0x00, 0x00, 
0x00, 0x00, 0x00, 0x00, 0x00, 
0x00, 0x78, 0x00, 0x78, 0x00, 
0x00, 0x78, 0x00, 0x78, 0x00, 
0x00, 0x78, 0x00, 0x78, 0x00, 
0x00, 0x78, 0x00, 0x78, 0x00, 
0x00, 0x78, 0x00, 0x78, 0x00, 
0x00, 0x78, 0x00, 0x78, 0x00, 
0x00, 0x78, 0x00, 0x78, 0x00, 
0x00, 0x78, 0x00, 0x78, 0x00, 
0x00, 0x78, 0x00, 0x78, 0x00, 
0x00, 0x78, 0x00, 0x78, 0x00, 
0x00, 0x78, 0x00, 0x78, 0x00, 
0x00, 0x78, 0x00, 0x78, 0x00, 
0x00, 0x78, 0x00, 0x78, 0x00, 
0x00, 0x78, 0x00, 0x78, 0x00, 
0x00, 0x78, 0x00, 0x78, 0x00, 
0x00, 0x78, 0x00, 0x78, 0x00, 
0x00, 0x78, 0x00, 0x78, 0x00, 
0x00, 0x78, 0x00, 0x78, 0x00, 
0x00, 0x78, 0x00, 0x78, 0x00, 
0x00, 0x7C, 0x00, 0xF8, 0x00, 
0x00, 0x3C, 0x00, 0xF0, 0x00, 
0x00, 0x3E, 0x01, 0xF0, 0x00, 
0x00, 0x1F, 0x03, 0xE0, 0x00, 
0x00, 0x0F, 0xFF, 0xC0, 0x00, 
0x00, 0x07, 0xFF, 0x80, 0x00, 
0x00, 0x01, 0xFE, 0x00, 0x00, 
0x00, 0x00, 0x00, 0x00, 0x00, 
0x00, 0x00, 0x00, 0x00, 0x00, 
0x00, 0x00, 0x00, 0x00, 0x00, 
0x00, 0x00, 0x00, 0x00, 0x00, 
0x00, 0x00, 0x00, 0x00, 0x00, 

// @9720 'V'
0x00, 0x00, 0x00, 0x00, 0x00, 
0x00, 0x00, 0x00, 0x00, 0x00, 
0x00, 0x00, 0x00, 0x00, 0x00, 
0x00, 0x00, 0x00, 0x00, 0x00, 
0x00, 0x00, 0x00, 0x00, 0x00, 
0x07, 0x80, 0x00, 0xF8, 0x00, 
0x03, 0xC0, 0x00, 0xF0, 0x00, 
0x03, 0xC0, 0x00, 0xF0, 0x00, 
0x03, 0xE0, 0x01, 0xF0, 0x00, 
0x01, 0xE0, 0x01, 0xE0, 0x00, 
0x01, 0xE0, 0x01, 0xE0, 0x00, 
0x01, 0xF0, 0x03, 0xE0, 0x00, 
0x00, 0xF0, 0x03, 0xC0, 0x00, 
0x00, 0xF8, 0x07, 0xC0, 0x00, 
0x00, 0x78, 0x07, 0x80, 0x00, 
0x00, 0x78, 0x07, 0x80, 0x00, 
0x00, 0x7C, 0x0F, 0x80, 0x00, 
0x00, 0x3C, 0x0F, 0x00, 0x00, 
0x00, 0x3C, 0x0F, 0x00, 0x00, 
0x00, 0x1E, 0x1E, 0x00, 0x00, 
0x00, 0x1E, 0x1E, 0x00, 0x00, 
0x00, 0x1F, 0x3E, 0x00, 0x00, 
0x00, 0x0F, 0x3C, 0x00, 0x00, 
0x00, 0x0F, 0x3C, 0x00, 0x00, 
0x00, 0x0F, 0xFC, 0x00, 0x00, 
0x00, 0x07, 0xF8, 0x00, 0x00, 
0x00, 0x07, 0xF8, 0x00, 0x00, 
0x00, 0x03, 0xF0, 0x00, 0x00, 
0x00, 0x03, 0xF0, 0x00, 0x00, 
0x00, 0x03, 0xF0, 0x00, 0x00, 
0x00, 0x01, 0xE0, 0x00, 0x00, 
0x00, 0x00, 0x00, 0x00, 0x00, 
0x00, 0x00, 0x00, 0x00, 0x00, 
0x00, 0x00, 0x00, 0x00, 0x00, 
0x00, 0x00, 0x00, 0x00, 0x00, 
0x00, 0x00, 0x00, 0x00, 0x00, 

// @9900 'W'
0x00, 0x00, 0x00, 0x00, 0x00, 
0x00, 0x00, 0x00, 0x00, 0x00, 
0x00, 0x00, 0x00, 0x00, 0x00, 
0x00, 0x00, 0x00, 0x00, 0x00, 
0x00, 0x00, 0x00, 0x00, 0x00, 
0x78, 0x01, 0xF0, 0x03, 0xC0, 
0x7C, 0x01, 0xF0, 0x07, 0xC0, 
0x3C, 0x01, 0xF0, 0x07, 0x80, 
0x3C, 0x03, 0xF8, 0x07, 0x80, 
0x3C, 0x03, 0xB8, 0x07, 0x80, 
0x3E, 0x03, 0xB8, 0x0F, 0x80, 
0x1E, 0x03, 0xB8, 0x0F, 0x00, 
0x1E, 0x07, 0x9C, 0x0F, 0x00, 
0x1E, 0x07, 0x1C, 0x0F, 0x00, 
0x1F, 0x07, 0x1C, 0x1F, 0x00, 
0x0F, 0x07, 0x1C, 0x1E, 0x00, 
0x0F, 0x0F, 0x1E, 0x1E, 0x00, 
0x0F, 0x0E, 0x0E, 0x1E, 0x00, 
0x0F, 0x8E, 0x0E, 0x3E, 0x00, 
0x07, 0x8E, 0x0E, 0x3C, 0x00, 
0x07, 0x9E, 0x0F, 0x3C, 0x00, 
0x07, 0x9C, 0x07, 0x3C, 0x00, 
0x07, 0xDC, 0x07, 0x7C, 0x00, 
0x03, 0xDC, 0x07, 0x78, 0x00, 
0x03, 0xFC, 0x07, 0xF8, 0x00, 
0x03, 0xF8, 0x03, 0xF8, 0x00, 
0x03, 0xF8, 0x03, 0xF8, 0x00, 
0x01, 0xF8, 0x03, 0xF0, 0x00, 
0x01, 0xF8, 0x03, 0xF0, 0x00, 
0x01, 0xF0, 0x01, 0xF0, 0x00, 
0x01, 0xF0, 0x01, 0xF0, 0x00, 
0x00, 0x00, 0x00, 0x00, 0x00, 
0x00, 0x00, 0x00, 0x00, 0x00, 
0x00, 0x00, 0x00, 0x00, 0x00, 
0x00, 0x00, 0x00, 0x00, 0x00, 
0x00, 0x00, 0x00, 0x00, 0x00, 

// @10080 'X'
0x00, 0x00, 0x00, 0x00, 0x00, 
0x00, 0x00, 0x00, 0x00, 0x00, 
0x00, 0x00, 0x00, 0x00, 0x00, 
0x00, 0x00, 0x00, 0x00, 0x00, 
0x00, 0x00, 0x00, 0x00, 0x00, 
0x00, 0xF8, 0x01, 0xF0, 0x00, 
0x00, 0x7C, 0x03, 0xE0, 0x00, 
0x00, 0x3C, 0x03, 0xC0, 0x00, 
0x00, 0x3E, 0x07, 0xC0, 0x00, 
0x00, 0x1F, 0x0F, 0x80, 0x00, 
0x00, 0x1F, 0x0F, 0x80, 0x00, 
0x00, 0x0F, 0x9F, 0x00, 0x00, 
0x00, 0x07, 0x9E, 0x00, 0x00, 
0x00, 0x07, 0xFE, 0x00, 0x00, 
0x00, 0x03, 0xFC, 0x00, 0x00, 
0x00, 0x01, 0xF8, 0x00, 0x00, 
0x00, 0x01, 0xF8, 0x00, 0x00, 
0x00, 0x01, 0xF8, 0x00, 0x00, 
0x00, 0x01, 0xF8, 0x00, 0x00, 
0x00, 0x03, 0xFC, 0x00, 0x00, 
0x00, 0x03, 0xFC, 0x00, 0x00, 
0x00, 0x07, 0xFE, 0x00, 0x00, 
0x00, 0x0F, 0x9F, 0x00, 0x00, 
0x00, 0x0F, 0x1F, 0x00, 0x00, 
0x00, 0x1F, 0x0F, 0x80, 0x00, 
0x00, 0x3E, 0x07, 0xC0, 0x00, 
0x00, 0x3E, 0x07, 0xC0, 0x00, 
0x00, 0x7C, 0x03, 0xE0, 0x00, 
0x00, 0x78, 0x01, 0xE0, 0x00, 
0x00, 0xF8, 0x01, 0xF0, 0x00, 
0x01, 0xF0, 0x00, 0xF8, 0x00, 
0x00, 0x00, 0x00, 0x00, 0x00, 
0x00, 0x00, 0x00, 0x00, 0x00, 
0x00, 0x00, 0x00, 0x00, 0x00, 
0x00, 0x00, 0x00, 0x00, 0x00, 
0x00, 0x00, 0x00, 0x00, 0x00, 

// @10260 'Y'
0x00, 0x00, 0x00, 0x00, 0x00, 
0x00, 0x00, 0x00, 0x00, 0x00, 
0x00, 0x00, 0x00, 0x00, 0x00, 
0x00, 0x00, 0x00, 0x00, 0x00, 
0x00, 0x00, 0x00, 0x00, 0x00, 
0x01, 0xF0, 0x00, 0xF8, 0x00, 
0x00, 0xF8, 0x01, 0xF0, 0x00, 
0x00, 0x78, 0x01, 0xE0, 0x00, 
0x00, 0x7C, 0x03, 0xE0, 0x00, 
0x00, 0x3E, 0x07, 0xC0, 0x00, 
0x00, 0x1E, 0x07, 0x80, 0x00, 
0x00, 0x1F, 0x0F, 0x80, 0x00, 
0x00, 0x0F, 0x9F, 0x00, 0x00, 
0x00, 0x07, 0x9E, 0x00, 0x00, 
0x00, 0x07, 0xFE, 0x00, 0x00, 
0x00, 0x03, 0xFC, 0x00, 0x00, 
0x00, 0x01, 0xF8, 0x00, 0x00, 
0x00, 0x01, 0xF8, 0x00, 0x00, 
0x00, 0x00, 0xF0, 0x00, 0x00, 
0x00, 0x00, 0xF0, 0x00, 0x00, 
0x00, 0x00, 0xF0, 0x00, 0x00, 
0x00, 0x00, 0xF0, 0x00, 0x00, 
0x00, 0x00, 0xF0, 0x00, 0x00, 
0x00, 0x00, 0xF0, 0x00, 0x00, 
0x00, 0x00, 0xF0, 0x00, 0x00, 
0x00, 0x00, 0xF0, 0x00, 0x00, 
0x00, 0x00, 0xF0, 0x00, 0x00, 
0x00, 0x00, 0xF0, 0x00, 0x00, 
0x00, 0x00, 0xF0, 0x00, 0x00, 
0x00, 0x00, 0xF0, 0x00, 0x00, 
0x00, 0x00, 0xF0, 0x00, 0x00, 
0x00, 0x00, 0x00, 0x00, 0x00, 
0x00, 0x00, 0x00, 0x00, 0x00, 
0x00, 0x00, 0x00, 0x00, 0x00, 
0x00, 0x00, 0x00, 0x00, 0x00, 
0x00, 0x00, 0x00, 0x00, 0x00, 

// @10440 'Z'
0x00, 0x00, 0x00, 0x00, 0x00, 
0x00, 0x00, 0x00, 0x00, 0x00, 
0x00, 0x00, 0x00, 0x00, 0x00, 
0x00, 0x00, 0x00, 0x00, 0x00, 
0x00, 0x00, 0x00, 0x00, 0x00, 
0x01, 0xFF, 0xFF, 0xE0, 0x00, 
0x01, 0xFF, 0xFF, 0xE0, 0x00, 
0x01, 0xFF, 0xFF, 0xE0, 0x00, 
0x00, 0x00, 0x07, 0xC0, 0x00, 
0x00, 0x00, 0x07, 0xC0, 0x00, 
0x00, 0x00, 0x0F, 0x80, 0x00, 
0x00, 0x00, 0x1F, 0x00, 0x00, 
0x00, 0x00, 0x3E, 0x00, 0x00, 
0x00, 0x00, 0x3E, 0x00, 0x00, 
0x00, 0x00, 0x7C, 0x00, 0x00, 
0x00, 0x00, 0xF8, 0x00, 0x00, 
0x00, 0x00, 0xF8, 0x00, 0x00, 
0x00, 0x01, 0xF0, 0x00, 0x00, 
0x00, 0x03, 0xE0, 0x00, 0x00, 
0x00, 0x07, 0xC0, 0x00, 0x00, 
0x00, 0x07, 0xC0, 0x00, 0x00, 
0x00, 0x0F, 0x80, 0x00, 0x00, 
0x00, 0x1F, 0x00, 0x00, 0x00, 
0x00, 0x3E, 0x00, 0x00, 0x00, 
0x00, 0x3E, 0x00, 0x00, 0x00, 
0x00, 0x7C, 0x00, 0x00, 0x00, 
0x00, 0xF8, 0x00, 0x00, 0x00, 
0x00, 0xF8, 0x00, 0x00, 0x00, 
0x01, 0xFF, 0xFF, 0xF0, 0x00, 
0x01, 0xFF, 0xFF, 0xF0, 0x00, 
0x01, 0xFF, 0xFF, 0xF0, 0x00, 
0x00, 0x00, 0x00, 0x00, 0x00, 
0x00, 0x00, 0x00, 0x00, 0x00, 
0x00, 0x00, 0x00, 0x00, 0x00, 
0x00, 0x00, 0x00, 0x00, 0x00, 
0x00, 0x00, 0x00, 0x00, 0x00, 

// @10620 '['
0x00, 0x00, 0x00, 0x00, 0x00, 
0x00, 0x00, 0x00, 0x00, 0x00, 
0x00, 0x03, 0xFC, 0x00, 0x00, 
0x00, 0x03, 0xFC, 0x00, 0x00, 
0x00, 0x03, 0xFC, 0x00, 0x00, 
0x00, 0x03, 0xC0, 0x00, 0x00, 
0x00, 0x03, 0xC0, 0x00, 0x00, 
0x00, 0x03, 0xC0, 0x00, 0x00, 
0x00, 0x03, 0xC0, 0x00, 0x00, 
0x00, 0x03, 0xC0, 0x00, 0x00, 
0x00, 0x03, 0xC0, 0x00, 0x00, 
0x00, 0x03, 0xC0, 0x00, 0x00, 
0x00, 0x03, 0xC0, 0x00, 0x00, 
0x00, 0x03, 0xC0, 0x00, 0x00, 
0x00, 0x03, 0xC0, 0x00, 0x00, 
0x00, 0x03, 0xC0, 0x00, 0x00, 
0x00, 0x03, 0xC0, 0x00, 0x00, 
0x00, 0x03, 0xC0, 0x00, 0x00, 
0x00, 0x03, 0xC0, 0x00, 0x00, 
0x00, 0x03, 0xC0, 0x00, 0x00, 
0x00, 0x03, 0xC0, 0x00, 0x00, 
0x00, 0x03, 0xC0, 0x00, 0x00, 
0x00, 0x03, 0xC0, 0x00, 0x00, 
0x00, 0x03, 0xC0, 0x00, 0x00, 
0x00, 0x03, 0xC0, 0x00, 0x00, 
0x00, 0x03, 0xC0, 0x00, 0x00, 
0x00, 0x03, 0xC0, 0x00, 0x00, 
0x00, 0x03, 0xC0, 0x00, 0x00, 
0x00, 0x03, 0xC0, 0x00, 0x00, 
0x00, 0x03, 0xC0, 0x00, 0x00, 
0x00, 0x03, 0xC0, 0x00, 0x00, 
0x00, 0x03, 0xFC, 0x00, 0x00, 
0x00, 0x03, 0xFC, 0x00, 0x00, 
0x00, 0x03, 0xFC, 0x00, 0x00, 
0x00, 0x00, 0x00, 0x00, 0x00, 
0x00, 0x00, 0x00, 0x00, 0x00, 

// @10800 '\'
0x00, 0x00, 0x00, 0x00, 0x00, 
0x00, 0x00, 0x00, 0x00, 0x00, 
0x00, 0x00, 0x00, 0x00, 0x00, 
0x00, 0x0E, 0x00, 0x00, 0x00, 
0x00, 0x0F, 0x00, 0x00, 0x00, 
0x00, 0x07, 0x00, 0x00, 0x00, 
0x00, 0x07, 0x00, 0x00, 0x00, 
0x00, 0x07, 0x00, 0x00, 0x00, 
0x00, 0x03, 0x80, 0x00, 0x00, 
0x00, 0x03, 0x80, 0x00, 0x00, 
0x00, 0x03, 0x80, 0x00, 0x00, 
0x00, 0x01, 0xC0, 0x00, 0x00, 
0x00, 0x01, 0xC0, 0x00, 0x00, 
0x00, 0x01, 0xC0, 0x00, 0x00, 
0x00, 0x01, 0xE0, 0x00, 0x00, 
0x00, 0x00, 0xE0, 0x00, 0x00, 
0x00, 0x00, 0xE0, 0x00, 0x00, 
0x00, 0x00, 0xE0, 0x00, 0x00, 
0x00, 0x00, 0x70, 0x00, 0x00, 
0x00, 0x00, 0x70, 0x00, 0x00, 
0x00, 0x00, 0x70, 0x00, 0x00, 
0x00, 0x00, 0x78, 0x00, 0x00, 
0x00, 0x00, 0x38, 0x00, 0x00, 
0x00, 0x00, 0x38, 0x00, 0x00, 
0x00, 0x00, 0x38, 0x00, 0x00, 
0x00, 0x00, 0x1C, 0x00, 0x00, 
0x00, 0x00, 0x1C, 0x00, 0x00, 
0x00, 0x00, 0x1C, 0x00, 0x00, 
0x00, 0x00, 0x0E, 0x00, 0x00, 
0x00, 0x00, 0x0E, 0x00, 0x00, 
0x00, 0x00, 0x0E, 0x00, 0x00, 
0x00, 0x00, 0x0F, 0x00, 0x00, 
0x00, 0x00, 0x07, 0x00, 0x00, 
0x00, 0x00, 0x00, 0x00, 0x00, 
0x00, 0x00, 0x00, 0x00, 0x00, 
0x00, 0x00, 0x00, 0x00, 0x00, 

// @10980 ']'
0x00, 0x00, 0x00, 0x00, 0x00, 
0x00, 0x00, 0x00, 0x00, 0x00, 
0x00, 0x03, 0xFC, 0x00, 0x00, 
0x00, 0x03, 0xFC, 0x00, 0x00, 
0x00, 0x03, 0xFC, 0x00, 0x00, 
0x00, 0x00, 0x3C, 0x00, 0x00, 
0x00, 0x00, 0x3C, 0x00, 0x00, 
0x00, 0x00, 0x3C, 0x00, 0x00, 
0x00, 0x00, 0x3C, 0x00, 0x00, 
0x00, 0x00, 0x3C, 0x00, 0x00, 
0x00, 0x00, 0x3C, 0x00, 0x00, 
0x00, 0x00, 0x3C, 0x00, 0x00, 
0x00, 0x00, 0x3C, 0x00, 0x00, 
0x00, 0x00, 0x3C, 0x00, 0x00, 
0x00, 0x00, 0x3C, 0x00, 0x00, 
0x00, 0x00, 0x3C, 0x00, 0x00, 
0x00, 0x00, 0x3C, 0x00, 0x00, 
0x00, 0x00, 0x3C, 0x00, 0x00, 
0x00, 0x00, 0x3C, 0x00, 0x00, 
0x00, 0x00, 0x3C, 0x00, 0x00, 
0x00, 0x00, 0x3C, 0x00, 0x00, 
0x00, 0x00, 0x3C, 0x00, 0x00, 
0x00, 0x00, 0x3C, 0x00, 0x00, 
0x00, 0x00, 0x3C, 0x00, 0x00, 
0x00, 0x00, 0x3C, 0x00, 0x00, 
0x00, 0x00, 0x3C, 0x00, 0x00, 
0x00, 0x00, 0x3C, 0x00, 0x00, 
0x00, 0x00, 0x3C, 0x00, 0x00, 
0x00, 0x00, 0x3C, 0x00, 0x00, 
0x00, 0x00, 0x3C, 0x00, 0x00, 
0x00, 0x00, 0x3C, 0x00, 0x00, 
0x00, 0x03, 0xFC, 0x00, 0x00, 
0x00, 0x03, 0xFC, 0x00, 0x00, 
0x00, 0x03, 0xFC, 0x00, 0x00, 
0x00, 0x00, 0x00, 0x00, 0x00, 
0x00, 0x00, 0x00, 0x00, 0x00, 

// @11160 '^'
0x00, 0x00, 0x00, 0x00, 0x00, 
0x00, 0x00, 0x00, 0x00, 0x00, 
0x00, 0x00, 0x00, 0x00, 0x00, 
0x00, 0x00, 0x00, 0x00, 0x00, 
0x00, 0x00, 0x00, 0x00, 0x00, 
0x00, 0x00, 0xF8, 0x00, 0x00, 
0x00, 0x01, 0xFC, 0x00, 0x00, 
0x00, 0x03, 0xFE, 0x00, 0x00, 
0x00, 0x07, 0xDF, 0x00, 0x00, 
0x00, 0x0F, 0x8F, 0x80, 0x00, 
0x00, 0x1F, 0x07, 0xC0, 0x00, 
0x00, 0x3E, 0x03, 0xE0, 0x00, 
0x00, 0x78, 0x00, 0xF0, 0x00, 
0x00, 0xF0, 0x00, 0x78, 0x00, 
0x01, 0xE0, 0x00, 0x3C, 0x00, 
0x00, 0x00, 0x00, 0x00, 0x00, 
0x00, 0x00, 0x00, 0x00, 0x00, 
0x00, 0x00, 0x00, 0x00, 0x00, 
0x00, 0x00, 0x00, 0x00, 0x00, 
0x00, 0x00, 0x00, 0x00, 0x00, 
0x00, 0x00, 0x00, 0x00, 0x00, 
0x00, 0x00, 0x00, 0x00, 0x00, 
0x00, 0x00, 0x00, 0x00, 0x00, 
0x00, 0x00, 0x00, 0x00, 0x00, 
0x00, 0x00, 0x00, 0x00, 0x00, 
0x00, 0x00, 0x00, 0x00, 0x00, 
0x00, 0x00, 0x00, 0x00, 0x00, 
0x00, 0x00, 0x00, 0x00, 0x00, 
0x00, 0x00, 0x00, 0x00, 0x00, 
0x00, 0x00, 0x00, 0x00, 0x00, 
0x00, 0x00, 0x00, 0x00, 0x00, 
0x00, 0x00, 0x00, 0x00, 0x00, 
0x00, 0x00, 0x00, 0x00, 0x00, 
0x00, 0x00, 0x00, 0x00, 0x00, 
0x00, 0x00, 0x00, 0x00, 0x00, 
0x00, 0x00, 0x00, 0x00, 0x00, 

// @11340 '_'
0x00, 0x00, 0x00, 0x00, 0x00, 
0x00, 0x00, 0x00, 0x00, 0x00, 
0x00, 0x00, 0x00, 0x00, 0x00, 
0x00, 0x00, 0x00, 0x00, 0x00, 
0x00, 0x00, 0x00, 0x00, 0x00, 
0x00, 0x00, 0x00, 0x00, 0x00, 
0x00, 0x00, 0x00, 0x00, 0x00, 
0x00, 0x00, 0x00, 0x00, 0x00, 
0x00, 0x00, 0x00, 0x00, 0x00, 
0x00, 0x00, 0x00, 0x00, 0x00, 
0x00, 0x00, 0x00, 0x00, 0x00, 
0x00, 0x00, 0x00, 0x00, 0x00, 
0x00, 0x00, 0x00, 0x00, 0x00, 
0x00, 0x00, 0x00, 0x00, 0x00, 
0x00, 0x00, 0x00, 0x00, 0x00, 
0x00, 0x00, 0x00, 0x00, 0x00, 
0x00, 0x00, 0x00, 0x00, 0x00, 
0x00, 0x00, 0x00, 0x00, 0x00, 
0x00, 0x00, 0x00, 0x00, 0x00, 
0x00, 0x7F, 0xFF, 0xE0, 0x00, 
0x00, 0x7F, 0xFF, 0xE0, 0x00, 
0x00, 0x7F, 0xFF, 0xE0, 0x00, 
0x00, 0x00, 0x00, 0x00, 0x00, 
0x00, 0x00, 0x00, 0x00, 0x00, 
0x00, 0x00, 0x00, 0x00, 0x00, 
0x00, 0x00, 0x00, 0x00, 0x00, 
0x00, 0x00, 0x00, 0x00, 0x00, 
0x00, 0x00, 0x00, 0x00, 0x00, 
0x00, 0x00, 0x00, 0x00, 0x00, 
0x00, 0x00, 0x00, 0x00, 0x00, 
0x00, 0x00, 0x00, 0x00, 0x00, 
0x00, 0x00, 0x00, 0x00, 0x00, 
0x00, 0x00, 0x00, 0x00, 0x00, 
0x00, 0x00, 0x00, 0x00, 0x00, 
0x00, 0x00, 0x00, 0x00, 0x00, 
0x00, 0x00, 0x00, 0x00, 0x00, 

// @11520 '`'
0x00, 0x00, 0x00, 0x00, 0x00, 
0x00, 0x00, 0x00, 0x00, 0x00, 
0x00, 0x00, 0x00, 0x00, 0x00, 
0x00, 0x0F, 0x00, 0x00, 0x00, 
0x00, 0x07, 0x00, 0x00, 0x00, 
0x00, 0x03, 0x80, 0x00, 0x00, 
0x00, 0x01, 0xC0, 0x00, 0x00, 
0x00, 0x01, 0xC0, 0x00, 0x00, 
0x00, 0x00, 0xE0, 0x00, 0x00, 
0x00, 0x00, 0x70, 0x00, 0x00, 
0x00, 0x00, 0x00, 0x00, 0x00, 
0x00, 0x00, 0x00, 0x00, 0x00, 
0x00, 0x00, 0x00, 0x00, 0x00, 
0x00, 0x00, 0x00, 0x00, 0x00, 
0x00, 0x00, 0x00, 0x00, 0x00, 
0x00, 0x00, 0x00, 0x00, 0x00, 
0x00, 0x00, 0x00, 0x00, 0x00, 
0x00, 0x00, 0x00, 0x00, 0x00, 
0x00, 0x00, 0x00, 0x00, 0x00, 
0x00, 0x00, 0x00, 0x00, 0x00, 
0x00, 0x00, 0x00, 0x00, 0x00, 
0x00, 0x00, 0x00, 0x00, 0x00, 
0x00, 0x00, 0x00, 0x00, 0x00, 
0x00, 0x00, 0x00, 0x00, 0x00, 
0x00, 0x00, 0x00, 0x00, 0x00, 
0x00, 0x00, 0x00, 0x00, 0x00, 
0x00, 0x00, 0x00, 0x00, 0x00, 
0x00, 0x00, 0x00, 0x00, 0x00, 
0x00, 0x00, 0x00, 0x00, 0x00, 
0x00, 0x00, 0x00, 0x00, 0x00, 
0x00, 0x00, 0x00, 0x00, 0x00, 
0x00, 0x00, 0x00, 0x00, 0x00, 
0x00, 0x00, 0x00, 0x00, 0x00, 
0x00, 0x00, 0x00, 0x00, 0x00, 
0x00, 0x00, 0x00, 0x00, 0x00, 
0x00, 0x00, 0x00, 0x00, 0x00, 

// @11700 'a'
0x00, 0x00, 0x00, 0x00, 0x00, 
0x00, 0x00, 0x00, 0x00, 0x00, 
0x00, 0x00, 0x00, 0x00, 0x00, 
0x00, 0x00, 0x00, 0x00, 0x00, 
0x00, 0x00, 0x00, 0x00, 0x00, 
0x00, 0x00, 0x00, 0x00, 0x00, 
0x00, 0x00, 0x00, 0x00, 0x00, 
0x00, 0x00, 0x00, 0x00, 0x00, 
0x00, 0x03, 0xF8, 0x00, 0x00, 
0x00, 0x1F, 0xFE, 0x00, 0x00, 
0x00, 0x3F, 0xFF, 0x00, 0x00, 
0x00, 0x38, 0x1F, 0x80, 0x00, 
0x00, 0x20, 0x07, 0x80, 0x00, 
0x00, 0x00, 0x07, 0xC0, 0x00, 
0x00, 0x00, 0x03, 0xC0, 0x00, 
0x00, 0x00, 0x03, 0xC0, 0x00, 
0x00, 0x03, 0xFF, 0xC0, 0x00, 
0x00, 0x1F, 0xFF, 0xC0, 0x00, 
0x00, 0x3F, 0xFF, 0xC0, 0x00, 
0x00, 0x3E, 0x03, 0xC0, 0x00, 
0x00, 0x78, 0x03, 0xC0, 0x00, 
0x00, 0x78, 0x03, 0xC0, 0x00, 
0x00, 0x78, 0x07, 0xC0, 0x00, 
0x00, 0x78, 0x07, 0xC0, 0x00, 
0x00, 0x7C, 0x1F, 0xC0, 0x00, 
0x00, 0x3F, 0xFB, 0xC0, 0x00, 
0x00, 0x1F, 0xF3, 0xC0, 0x00, 
0x00, 0x0F, 0xC3, 0xC0, 0x00, 
0x00, 0x00, 0x00, 0x00, 0x00, 
0x00, 0x00, 0x00, 0x00, 0x00, 
0x00, 0x00, 0x00, 0x00, 0x00, 
0x00, 0x00, 0x00, 0x00, 0x00, 
0x00, 0x00, 0x00, 0x00, 0x00, 
0x00, 0x00, 0x00, 0x00, 0x00, 
0x00, 0x00, 0x00, 0x00, 0x00, 
0x00, 0x00, 0x00, 0x00, 0x00, 

// @11880 'b'
0x00, 0x00, 0x00, 0x00, 0x00, 
0x00, 0x00, 0x00, 0x00, 0x00, 
0x00, 0x00, 0x00, 0x00, 0x00, 
0x00, 0x00, 0x00, 0x00, 0x00, 
0x00, 0x78, 0x00, 0x00, 0x00, 
0x00, 0x78, 0x00, 0x00, 0x00, 
0x00, 0x78, 0x00, 0x00, 0x00, 
0x00, 0x78, 0x00, 0x00, 0x00, 
0x00, 0x78, 0x00, 0x00, 0x00, 
0x00, 0x78, 0x00, 0x00, 0x00, 
0x00, 0x78, 0x00, 0x00, 0x00, 
0x00, 0x78, 0xFC, 0x00, 0x00, 
0x00, 0x7B, 0xFF, 0x00, 0x00, 
0x00, 0x7F, 0xFF, 0x80, 0x00, 
0x00, 0x7F, 0x0F, 0x80, 0x00, 
0x00, 0x7E, 0x07, 0xC0, 0x00, 
0x00, 0x7C, 0x03, 0xC0, 0x00, 
0x00, 0x78, 0x03, 0xE0, 0x00, 
0x00, 0x78, 0x01, 0xE0, 0x00, 
0x00, 0x78, 0x01, 0xE0, 0x00, 
0x00, 0x78, 0x01, 0xE0, 0x00, 
0x00, 0x78, 0x01, 0xE0, 0x00, 
0x00, 0x78, 0x01, 0xE0, 0x00, 
0x00, 0x78, 0x01, 0xE0, 0x00, 
0x00, 0x7C, 0x03, 0xE0, 0x00, 
0x00, 0x7C, 0x03, 0xC0, 0x00, 
0x00, 0x7E, 0x07, 0xC0, 0x00, 
0x00, 0x7F, 0x0F, 0x80, 0x00, 
0x00, 0x7F, 0xFF, 0x80, 0x00, 
0x00, 0x7B, 0xFF, 0x00, 0x00, 
0x00, 0x78, 0xFC, 0x00, 0x00, 
0x00, 0x00, 0x00, 0x00, 0x00, 
0x00, 0x00, 0x00, 0x00, 0x00, 
0x00, 0x00, 0x00, 0x00, 0x00, 
0x00, 0x00, 0x00, 0x00, 0x00, 
0x00, 0x00, 0x00, 0x00, 0x00, 

// @12060 'c'
0x00, 0x00, 0x00, 0x00, 0x00, 
0x00, 0x00, 0x00, 0x00, 0x00, 
0x00, 0x00, 0x00, 0x00, 0x00, 
0x00, 0x00, 0x00, 0x00, 0x00, 
0x00, 0x00, 0x00, 0x00, 0x00, 
0x00, 0x00, 0x00, 0x00, 0x00, 
0x00, 0x00, 0x00, 0x00, 0x00, 
0x00, 0x00, 0x00, 0x00, 0x00, 
0x00, 0x00, 0xFE, 0x00, 0x00, 
0x00, 0x03, 0xFF, 0x80, 0x00, 
0x00, 0x07, 0xFF, 0xC0, 0x00, 
0x00, 0x0F, 0xC1, 0xC0, 0x00, 
0x00, 0x1F, 0x00, 0x40, 0x00, 
0x00, 0x1E, 0x00, 0x00, 0x00, 
0x00, 0x3E, 0x00, 0x00, 0x00, 
0x00, 0x3C, 0x00, 0x00, 0x00, 
0x00, 0x3C, 0x00, 0x00, 0x00, 
0x00, 0x3C, 0x00, 0x00, 0x00, 
0x00, 0x3C, 0x00, 0x00, 0x00, 
0x00, 0x3C, 0x00, 0x00, 0x00, 
0x00, 0x3C, 0x00, 0x00, 0x00, 
0x00, 0x3E, 0x00, 0x00, 0x00, 
0x00, 0x1E, 0x00, 0x00, 0x00, 
0x00, 0x1F, 0x00, 0x40, 0x00, 
0x00, 0x0F, 0xC1, 0xC0, 0x00, 
0x00, 0x07, 0xFF, 0xC0, 0x00, 
0x00, 0x03, 0xFF, 0x80, 0x00, 
0x00, 0x00, 0xFE, 0x00, 0x00, 
0x00, 0x00, 0x00, 0x00, 0x00, 
0x00, 0x00, 0x00, 0x00, 0x00, 
0x00, 0x00, 0x00, 0x00, 0x00, 
0x00, 0x00, 0x00, 0x00, 0x00, 
0x00, 0x00, 0x00, 0x00, 0x00, 
0x00, 0x00, 0x00, 0x00, 0x00, 
0x00, 0x00, 0x00, 0x00, 0x00, 
0x00, 0x00, 0x00, 0x00, 0x00, 

// @12240 'd'
0x00, 0x00, 0x00, 0x00, 0x00, 
0x00, 0x00, 0x00, 0x00, 0x00, 
0x00, 0x00, 0x00, 0x00, 0x00, 
0x00, 0x00, 0x00, 0x00, 0x00, 
0x00, 0x00, 0x03, 0xC0, 0x00, 
0x00, 0x00, 0x03, 0xC0, 0x00, 
0x00, 0x00, 0x03, 0xC0, 0x00, 
0x00, 0x00, 0x03, 0xC0, 0x00, 
0x00, 0x00, 0x03, 0xC0, 0x00, 
0x00, 0x00, 0x03, 0xC0, 0x00, 
0x00, 0x00, 0x03, 0xC0, 0x00, 
0x00, 0x07, 0xE3, 0xC0, 0x00, 
0x00, 0x1F, 0xFB, 0xC0, 0x00, 
0x00, 0x3F, 0xFF, 0xC0, 0x00, 
0x00, 0x3E, 0x1F, 0xC0, 0x00, 
0x00, 0x7C, 0x0F, 0xC0, 0x00, 
0x00, 0x78, 0x07, 0xC0, 0x00, 
0x00, 0xF0, 0x07, 0xC0, 0x00, 
0x00, 0xF0, 0x03, 0xC0, 0x00, 
0x00, 0xF0, 0x03, 0xC0, 0x00, 
0x00, 0xF0, 0x03, 0xC0, 0x00, 
0x00, 0xF0, 0x03, 0xC0, 0x00, 
0x00, 0xF0, 0x03, 0xC0, 0x00, 
0x00, 0xF0, 0x03, 0xC0, 0x00, 
0x00, 0xF8, 0x07, 0xC0, 0x00, 
0x00, 0x78, 0x07, 0xC0, 0x00, 
0x00, 0x7C, 0x0F, 0xC0, 0x00, 
0x00, 0x3E, 0x1F, 0xC0, 0x00, 
0x00, 0x3F, 0xFF, 0xC0, 0x00, 
0x00, 0x1F, 0xFB, 0xC0, 0x00, 
0x00, 0x07, 0xE3, 0xC0, 0x00, 
0x00, 0x00, 0x00, 0x00, 0x00, 
0x00, 0x00, 0x00, 0x00, 0x00, 
0x00, 0x00, 0x00, 0x00, 0x00, 
0x00, 0x00, 0x00, 0x00, 0x00, 
0x00, 0x00, 0x00, 0x00, 0x00, 

// @12420 'e'
0x00, 0x00, 0x00, 0x00, 0x00, 
0x00, 0x00, 0x00, 0x00, 0x00, 
0x00, 0x00, 0x00, 0x00, 0x00, 
0x00, 0x00, 0x00, 0x00, 0x00, 
0x00, 0x00, 0x00, 0x00, 0x00, 
0x00, 0x00, 0x00, 0x00, 0x00, 
0x00, 0x00, 0x00, 0x00, 0x00, 
0x00, 0x00, 0x00, 0x00, 0x00, 
0x00, 0x01, 0xFC, 0x00, 0x00, 
0x00, 0x07, 0xFF, 0x00, 0x00, 
0x00, 0x0F, 0xFF, 0x80, 0x00, 
0x00, 0x1F, 0x07, 0xC0, 0x00, 
0x00, 0x3E, 0x03, 0xC0, 0x00, 
0x00, 0x3C, 0x03, 0xC0, 0x00, 
0x00, 0x78, 0x01, 0xE0, 0x00, 
0x00, 0x78, 0x01, 0xE0, 0x00, 
0x00, 0x7F, 0xFF, 0xE0, 0x00, 
0x00, 0x7F, 0xFF, 0xE0, 0x00, 
0x00, 0x7F, 0xFF, 0xE0, 0x00, 
0x00, 0x78, 0x00, 0x00, 0x00, 
0x00, 0x78, 0x00, 0x00, 0x00, 
0x00, 0x7C, 0x00, 0x00, 0x00, 
0x00, 0x3C, 0x00, 0x00, 0x00, 
0x00, 0x3E, 0x00, 0x40, 0x00, 
0x00, 0x1F, 0x81, 0xC0, 0x00, 
0x00, 0x0F, 0xFF, 0xC0, 0x00, 
0x00, 0x07, 0xFF, 0x80, 0x00, 
0x00, 0x01, 0xFE, 0x00, 0x00, 
0x00, 0x00, 0x00, 0x00, 0x00, 
0x00, 0x00, 0x00, 0x00, 0x00, 
0x00, 0x00, 0x00, 0x00, 0x00, 
0x00, 0x00, 0x00, 0x00, 0x00, 
0x00, 0x00, 0x00, 0x00, 0x00, 
0x00, 0x00, 0x00, 0x00, 0x00, 
0x00, 0x00, 0x00, 0x00, 0x00, 
0x00, 0x00, 0x00, 0x00, 0x00, 

// @12600 'f'
0x00, 0x00, 0x00, 0x00, 0x00, 
0x00, 0x00, 0x00, 0x00, 0x00, 
0x00, 0x00, 0x00, 0x00, 0x00, 
0x00, 0x00, 0x00, 0x00, 0x00, 
0x00, 0x00, 0x3F, 0x80, 0x00, 
0x00, 0x00, 0x7F, 0x80, 0x00, 
0x00, 0x00, 0xFF, 0x80, 0x00, 
0x00, 0x01, 0xF0, 0x00, 0x00, 
0x00, 0x01, 0xE0, 0x00, 0x00, 
0x00, 0x01, 0xE0, 0x00, 0x00, 
0x00, 0x01, 0xE0, 0x00, 0x00, 
0x00, 0x0F, 0xFF, 0x00, 0x00, 
0x00, 0x0F, 0xFF, 0x00, 0x00, 
0x00, 0x0F, 0xFF, 0x00, 0x00, 
0x00, 0x01, 0xE0, 0x00, 0x00, 
0x00, 0x01, 0xE0, 0x00, 0x00, 
0x00, 0x01, 0xE0, 0x00, 0x00, 
0x00, 0x01, 0xE0, 0x00, 0x00, 
0x00, 0x01, 0xE0, 0x00, 0x00, 
0x00, 0x01, 0xE0, 0x00, 0x00, 
0x00, 0x01, 0xE0, 0x00, 0x00, 
0x00, 0x01, 0xE0, 0x00, 0x00, 
0x00, 0x01, 0xE0, 0x00, 0x00, 
0x00, 0x01, 0xE0, 0x00, 0x00, 
0x00, 0x01, 0xE0, 0x00, 0x00, 
0x00, 0x01, 0xE0, 0x00, 0x00, 
0x00, 0x01, 0xE0, 0x00, 0x00, 
0x00, 0x01, 0xE0, 0x00, 0x00, 
0x00, 0x01, 0xE0, 0x00, 0x00, 
0x00, 0x01, 0xE0, 0x00, 0x00, 
0x00, 0x01, 0xE0, 0x00, 0x00, 
0x00, 0x00, 0x00, 0x00, 0x00, 
0x00, 0x00, 0x00, 0x00, 0x00, 
0x00, 0x00, 0x00, 0x00, 0x00, 
0x00, 0x00, 0x00, 0x00, 0x00, 
0x00, 0x00, 0x00, 0x00, 0x00, 

// @12780 'g'
0x00, 0x00, 0x00, 0x00, 0x00, 
0x00, 0x00, 0x00, 0x00, 0x00, 
0x00, 0x00, 0x00, 0x00, 0x00, 
0x00, 0x00, 0x00, 0x00, 0x00, 
0x00, 0x07, 0xE3, 0xC0, 0x00, 
0x00, 0x1F, 0xFB, 0xC0, 0x00, 
0x00, 0x3F, 0xFF, 0xC0, 0x00, 
0x00, 0x3E, 0x1F, 0xC0, 0x00, 
0x00, 0x7C, 0x0F, 0xC0, 0x00, 
0x00, 0x78, 0x07, 0xC0, 0x00, 
0x00, 0xF0, 0x07, 0xC0, 0x00, 
0x00, 0xF0, 0x03, 0xC0, 0x00, 
0x00, 0xF0, 0x03, 0xC0, 0x00, 
0x00, 0xF0, 0x03, 0xC0, 0x00, 
0x00, 0xF0, 0x03, 0xC0, 0x00, 
0x00, 0xF0, 0x03, 0xC0, 0x00, 
0x00, 0xF0, 0x03, 0xC0, 0x00, 
0x00, 0xF0, 0x07, 0xC0, 0x00, 
0x00, 0x78, 0x07, 0xC0, 0x00, 
0x00, 0x7C, 0x0F, 0xC0, 0x00, 
0x00, 0x3E, 0x1F, 0xC0, 0x00, 
0x00, 0x3F, 0xFF, 0xC0, 0x00, 
0x00, 0x1F, 0xFB, 0xC0, 0x00, 
0x00, 0x07, 0xE3, 0xC0, 0x00, 
0x00, 0x00, 0x03, 0xC0, 0x00, 
0x00, 0x00, 0x07, 0x80, 0x00, 
0x00, 0x20, 0x0F, 0x80, 0x00, 
0x00, 0x38, 0x1F, 0x80, 0x00, 
0x00, 0x3F, 0xFF, 0x00, 0x00, 
0x00, 0x1F, 0xFE, 0x00, 0x00, 
0x00, 0x07, 0xF0, 0x00, 0x00, 
0x00, 0x00, 0x00, 0x00, 0x00, 
0x00, 0x00, 0x00, 0x00, 0x00, 
0x00, 0x00, 0x00, 0x00, 0x00, 
0x00, 0x00, 0x00, 0x00, 0x00, 
0x00, 0x00, 0x00, 0x00, 0x00, 

// @12960 'h'
0x00, 0x00, 0x00, 0x00, 0x00, 
0x00, 0x00, 0x00, 0x00, 0x00, 
0x00, 0x00, 0x00, 0x00, 0x00, 
0x00, 0x00, 0x00, 0x00, 0x00, 
0x00, 0x78, 0x00, 0x00, 0x00, 
0x00, 0x78, 0x00, 0x00, 0x00, 
0x00, 0x78, 0x00, 0x00, 0x00, 
0x00, 0x78, 0x00, 0x00, 0x00, 
0x00, 0x78, 0x00, 0x00, 0x00, 
0x00, 0x78, 0x00, 0x00, 0x00, 
0x00, 0x78, 0x00, 0x00, 0x00, 
0x00, 0x78, 0xF8, 0x00, 0x00, 
0x00, 0x79, 0xFE, 0x00, 0x00, 
0x00, 0x7B, 0xFF, 0x00, 0x00, 
0x00, 0x7E, 0x1F, 0x00, 0x00, 
0x00, 0x7C, 0x0F, 0x80, 0x00, 
0x00, 0x7C, 0x07, 0x80, 0x00, 
0x00, 0x78, 0x07, 0x80, 0x00, 
0x00, 0x78, 0x07, 0x80, 0x00, 
0x00, 0x78, 0x07, 0x80, 0x00, 
0x00, 0x78, 0x07, 0x80, 0x00, 
0x00, 0x78, 0x07, 0x80, 0x00, 
0x00, 0x78, 0x07, 0x80, 0x00, 
0x00, 0x78, 0x07, 0x80, 0x00, 
0x00, 0x78, 0x07, 0x80, 0x00, 
0x00, 0x78, 0x07, 0x80, 0x00, 
0x00, 0x78, 0x07, 0x80, 0x00, 
0x00, 0x78, 0x07, 0x80, 0x00, 
0x00, 0x78, 0x07, 0x80, 0x00, 
0x00, 0x78, 0x07, 0x80, 0x00, 
0x00, 0x78, 0x07, 0x80, 0x00, 
0x00, 0x00, 0x00, 0x00, 0x00, 
0x00, 0x00, 0x00, 0x00, 0x00, 
0x00, 0x00, 0x00, 0x00, 0x00, 
0x00, 0x00, 0x00, 0x00, 0x00, 
0x00, 0x00, 0x00, 0x00, 0x00, 

// @13140 'i'
0x00, 0x00, 0x00, 0x00, 0x00, 
0x00, 0x00, 0x00, 0x00, 0x00, 
0x00, 0x00, 0x00, 0x00, 0x00, 
0x00, 0x00, 0x00, 0x00, 0x00, 
0x00, 0x00, 0xF0, 0x00, 0x00, 
0x00, 0x00, 0xF0, 0x00, 0x00, 
0x00, 0x00, 0xF0, 0x00, 0x00, 
0x00, 0x00, 0xF0, 0x00, 0x00, 
0x00, 0x00, 0x00, 0x00, 0x00, 
0x00, 0x00, 0x00, 0x00, 0x00, 
0x00, 0x00, 0x00, 0x00, 0x00, 
0x00, 0x00, 0xF0, 0x00, 0x00, 
0x00, 0x00, 0xF0, 0x00, 0x00, 
0x00, 0x00, 0xF0, 0x00, 0x00, 
0x00, 0x00, 0xF0, 0x00, 0x00, 
0x00, 0x00, 0xF0, 0x00, 0x00, 
0x00, 0x00, 0xF0, 0x00, 0x00, 
0x00, 0x00, 0xF0, 0x00, 0x00, 
0x00, 0x00, 0xF0, 0x00, 0x00, 
0x00, 0x00, 0xF0, 0x00, 0x00, 
0x00, 0x00, 0xF0, 0x00, 0x00, 
0x00, 0x00, 0xF0, 0x00, 0x00, 
0x00, 0x00, 0xF0, 0x00, 0x00, 
0x00, 0x00, 0xF0, 0x00, 0x00, 
0x00, 0x00, 0xF0, 0x00, 0x00, 
0x00, 0x00, 0xF0, 0x00, 0x00, 
0x00, 0x00, 0xF0, 0x00, 0x00, 
0x00, 0x00, 0xF0, 0x00, 0x00, 
0x00, 0x00, 0xF0, 0x00, 0x00, 
0x00, 0x00, 0xF0, 0x00, 0x00, 
0x00, 0x00, 0xF0, 0x00, 0x00, 
0x00, 0x00, 0x00, 0x00, 0x00, 
0x00, 0x00, 0x00, 0x00, 0x00, 
0x00, 0x00, 0x00, 0x00, 0x00, 
0x00, 0x00, 0x00, 0x00, 0x00, 
0x00, 0x00, 0x00, 0x00, 0x00, 

// @13320 'j'
0x00, 0x00, 0x00, 0x00, 0x00, 
0x00, 0x00, 0xF0, 0x00, 0x00, 
0x00, 0x00, 0xF0, 0x00, 0x00, 
0x00, 0x00, 0xF0, 0x00, 0x00, 
0x00, 0x00, 0xF0, 0x00, 0x00, 
0x00, 0x00, 0x00, 0x00, 0x00, 
0x00, 0x00, 0x00, 0x00, 0x00, 
0x00, 0x00, 0x00, 0x00, 0x00, 
0x00, 0x00, 0xF0, 0x00, 0x00, 
0x00, 0x00, 0xF0, 0x00, 0x00, 
0x00, 0x00, 0xF0, 0x00, 0x00, 
0x00, 0x00, 0xF0, 0x00, 0x00, 
0x00, 0x00, 0xF0, 0x00, 0x00, 
0x00, 0x00, 0xF0, 0x00, 0x00, 
0x00, 0x00, 0xF0, 0x00, 0x00, 
0x00, 0x00, 0xF0, 0x00, 0x00, 
0x00, 0x00, 0xF0, 0x00, 0x00, 
0x00, 0x00, 0xF0, 0x00, 0x00, 
0x00, 0x00, 0xF0, 0x00, 0x00, 
0x00, 0x00, 0xF0, 0x00, 0x00, 
0x00, 0x00, 0xF0, 0x00, 0x00, 
0x00, 0x00, 0xF0, 0x00, 0x00, 
0x00, 0x00, 0xF0, 0x00, 0x00, 
0x00, 0x00, 0xF0, 0x00, 0x00, 
0x00, 0x00, 0xF0, 0x00, 0x00, 
0x00, 0x00, 0xF0, 0x00, 0x00, 
0x00, 0x00, 0xF0, 0x00, 0x00, 
0x00, 0x00, 0xF0, 0x00, 0x00, 
0x00, 0x00, 0xF0, 0x00, 0x00, 
0x00, 0x00, 0xF0, 0x00, 0x00, 
0x00, 0x00, 0xF0, 0x00, 0x00, 
0x00, 0x01, 0xE0, 0x00, 0x00, 
0x00, 0x0F, 0xE0, 0x00, 0x00, 
0x00, 0x0F, 0xC0, 0x00, 0x00, 
0x00, 0x0F, 0x00, 0x00, 0x00, 
0x00, 0x00, 0x00, 0x00, 0x00, 

// @13500 'k'
0x00, 0x00, 0x00, 0x00, 0x00, 
0x00, 0x00, 0x00, 0x00, 0x00, 
0x00, 0x00, 0x00, 0x00, 0x00, 
0x00, 0x00, 0x00, 0x00, 0x00, 
0x00, 0x3C, 0x00, 0x00, 0x00, 
0x00, 0x3C, 0x00, 0x00, 0x00, 
0x00, 0x3C, 0x00, 0x00, 0x00, 
0x00, 0x3C, 0x00, 0x00, 0x00, 
0x00, 0x3C, 0x00, 0x00, 0x00, 
0x00, 0x3C, 0x00, 0x00, 0x00, 
0x00, 0x3C, 0x00, 0x00, 0x00, 
0x00, 0x3C, 0x07, 0xC0, 0x00, 
0x00, 0x3C, 0x0F, 0x80, 0x00, 
0x00, 0x3C, 0x1F, 0x00, 0x00, 
0x00, 0x3C, 0x7E, 0x00, 0x00, 
0x00, 0x3C, 0xFC, 0x00, 0x00, 
0x00, 0x3D, 0xF8, 0x00, 0x00, 
0x00, 0x3F, 0xF0, 0x00, 0x00, 
0x00, 0x3F, 0xE0, 0x00, 0x00, 
0x00, 0x3F, 0xC0, 0x00, 0x00, 
0x00, 0x3F, 0x80, 0x00, 0x00, 
0x00, 0x3F, 0xC0, 0x00, 0x00, 
0x00, 0x3F, 0xE0, 0x00, 0x00, 
0x00, 0x3D, 0xF0, 0x00, 0x00, 
0x00, 0x3C, 0xF8, 0x00, 0x00, 
0x00, 0x3C, 0xFC, 0x00, 0x00, 
0x00, 0x3C, 0x7E, 0x00, 0x00, 
0x00, 0x3C, 0x3F, 0x00, 0x00, 
0x00, 0x3C, 0x1F, 0x80, 0x00, 
0x00, 0x3C, 0x0F, 0xC0, 0x00, 
0x00, 0x3C, 0x07, 0xE0, 0x00, 
0x00, 0x00, 0x00, 0x00, 0x00, 
0x00, 0x00, 0x00, 0x00, 0x00, 
0x00, 0x00, 0x00, 0x00, 0x00, 
0x00, 0x00, 0x00, 0x00, 0x00, 
0x00, 0x00, 0x00, 0x00, 0x00, 

// @13680 'l'
0x00, 0x00, 0x00, 0x00, 0x00, 
0x00, 0x00, 0x00, 0x00, 0x00, 
0x00, 0x00, 0x00, 0x00, 0x00, 
0x00, 0x00, 0x00, 0x00, 0x00, 
0x00, 0x00, 0xF0, 0x00, 0x00, 
0x00, 0x00, 0xF0, 0x00, 0x00, 
0x00, 0x00, 0xF0, 0x00, 0x00, 
0x00, 0x00, 0xF0, 0x00, 0x00, 
0x00, 0x00, 0xF0, 0x00, 0x00, 
0x00, 0x00, 0xF0, 0x00, 0x00, 
0x00, 0x00, 0xF0, 0x00, 0x00, 
0x00, 0x00, 0xF0, 0x00, 0x00, 
0x00, 0x00, 0xF0, 0x00, 0x00, 
0x00, 0x00, 0xF0, 0x00, 0x00, 
0x00, 0x00, 0xF0, 0x00, 0x00, 
0x00, 0x00, 0xF0, 0x00, 0x00, 
0x00, 0x00, 0xF0, 0x00, 0x00, 
0x00, 0x00, 0xF0, 0x00, 0x00, 
0x00, 0x00, 0xF0, 0x00, 0x00, 
0x00, 0x00, 0xF0, 0x00, 0x00, 
0x00, 0x00, 0xF0, 0x00, 0x00, 
0x00, 0x00, 0xF0, 0x00, 0x00, 
0x00, 0x00, 0xF0, 0x00, 0x00, 
0x00, 0x00, 0xF0, 0x00, 0x00, 
0x00, 0x00, 0xF0, 0x00, 0x00, 
0x00, 0x00, 0xF0, 0x00, 0x00, 
0x00, 0x00, 0xF0, 0x00, 0x00, 
0x00, 0x00, 0xF0, 0x00, 0x00, 
0x00, 0x00, 0xF0, 0x00, 0x00, 
0x00, 0x00, 0xF0, 0x00, 0x00, 
0x00, 0x00, 0xF0, 0x00, 0x00, 
0x00, 0x00, 0x00, 0x00, 0x00, 
0x00, 0x00, 0x00, 0x00, 0x00, 
0x00, 0x00, 0x00, 0x00, 0x00, 
0x00, 0x00, 0x00, 0x00, 0x00, 
0x00, 0x00, 0x00, 0x00, 0x00, 

// @13860 'm'
0x00, 0x00, 0x00, 0x00, 0x00, 
0x00, 0x00, 0x00, 0x00, 0x00, 
0x00, 0x00, 0x00, 0x00, 0x00, 
0x00, 0x00, 0x00, 0x00, 0x00, 
0x00, 0x00, 0x00, 0x00, 0x00, 
0x00, 0x00, 0x00, 0x00, 0x00, 
0x00, 0x00, 0x00, 0x00, 0x00, 
0x00, 0x00, 0x00, 0x00, 0x00, 
0x1E, 0x3E, 0x03, 0xE0, 0x00, 
0x1E, 0x7F, 0x87, 0xF8, 0x00, 
0x1E, 0xFF, 0x8F, 0xFC, 0x00, 
0x1F, 0xC7, 0xDC, 0x7C, 0x00, 
0x1F, 0x03, 0xF0, 0x3C, 0x00, 
0x1F, 0x01, 0xF0, 0x1E, 0x00, 
0x1E, 0x01, 0xE0, 0x1E, 0x00, 
0x1E, 0x01, 0xE0, 0x1E, 0x00, 
0x1E, 0x01, 0xE0, 0x1E, 0x00, 
0x1E, 0x01, 0xE0, 0x1E, 0x00, 
0x1E, 0x01, 0xE0, 0x1E, 0x00, 
0x1E, 0x01, 0xE0, 0x1E, 0x00, 
0x1E, 0x01, 0xE0, 0x1E, 0x00, 
0x1E, 0x01, 0xE0, 0x1E, 0x00, 
0x1E, 0x01, 0xE0, 0x1E, 0x00, 
0x1E, 0x01, 0xE0, 0x1E, 0x00, 
0x1E, 0x01, 0xE0, 0x1E, 0x00, 
0x1E, 0x01, 0xE0, 0x1E, 0x00, 
0x1E, 0x01, 0xE0, 0x1E, 0x00, 
0x1E, 0x01, 0xE0, 0x1E, 0x00, 
0x00, 0x00, 0x00, 0x00, 0x00, 
0x00, 0x00, 0x00, 0x00, 0x00, 
0x00, 0x00, 0x00, 0x00, 0x00, 
0x00, 0x00, 0x00, 0x00, 0x00, 
0x00, 0x00, 0x00, 0x00, 0x00, 
0x00, 0x00, 0x00, 0x00, 0x00, 
0x00, 0x00, 0x00, 0x00, 0x00, 
0x00, 0x00, 0x00, 0x00, 0x00, 

// @14040 'n'
0x00, 0x00, 0x00, 0x00, 0x00, 
0x00, 0x00, 0x00, 0x00, 0x00, 
0x00, 0x00, 0x00, 0x00, 0x00, 
0x00, 0x00, 0x00, 0x00, 0x00, 
0x00, 0x00, 0x00, 0x00, 0x00, 
0x00, 0x00, 0x00, 0x00, 0x00, 
0x00, 0x00, 0x00, 0x00, 0x00, 
0x00, 0x00, 0x00, 0x00, 0x00, 
0x00, 0x78, 0xF8, 0x00, 0x00, 
0x00, 0x79, 0xFE, 0x00, 0x00, 
0x00, 0x7B, 0xFF, 0x00, 0x00, 
0x00, 0x7E, 0x1F, 0x00, 0x00, 
0x00, 0x7C, 0x0F, 0x80, 0x00, 
0x00, 0x7C, 0x07, 0x80, 0x00, 
0x00, 0x78, 0x07, 0x80, 0x00, 
0x00, 0x78, 0x07, 0x80, 0x00, 
0x00, 0x78, 0x07, 0x80, 0x00, 
0x00, 0x78, 0x07, 0x80, 0x00, 
0x00, 0x78, 0x07, 0x80, 0x00, 
0x00, 0x78, 0x07, 0x80, 0x00, 
0x00, 0x78, 0x07, 0x80, 0x00, 
0x00, 0x78, 0x07, 0x80, 0x00, 
0x00, 0x78, 0x07, 0x80, 0x00, 
0x00, 0x78, 0x07, 0x80, 0x00, 
0x00, 0x78, 0x07, 0x80, 0x00, 
0x00, 0x78, 0x07, 0x80, 0x00, 
0x00, 0x78, 0x07, 0x80, 0x00, 
0x00, 0x78, 0x07, 0x80, 0x00, 
0x00, 0x00, 0x00, 0x00, 0x00, 
0x00, 0x00, 0x00, 0x00, 0x00, 
0x00, 0x00, 0x00, 0x00, 0x00, 
0x00, 0x00, 0x00, 0x00, 0x00, 
0x00, 0x00, 0x00, 0x00, 0x00, 
0x00, 0x00, 0x00, 0x00, 0x00, 
0x00, 0x00, 0x00, 0x00, 0x00, 
0x00, 0x00, 0x00, 0x00, 0x00, 

// @14220 'o'
0x00, 0x00, 0x00, 0x00, 0x00, 
0x00, 0x00, 0x00, 0x00, 0x00, 
0x00, 0x00, 0x00, 0x00, 0x00, 
0x00, 0x00, 0x00, 0x00, 0x00, 
0x00, 0x00, 0x00, 0x00, 0x00, 
0x00, 0x00, 0x00, 0x00, 0x00, 
0x00, 0x00, 0x00, 0x00, 0x00, 
0x00, 0x00, 0x00, 0x00, 0x00, 
0x00, 0x01, 0xF8, 0x00, 0x00, 
0x00, 0x07, 0xFE, 0x00, 0x00, 
0x00, 0x0F, 0xFF, 0x00, 0x00, 
0x00, 0x1F, 0x0F, 0x80, 0x00, 
0x00, 0x3E, 0x07, 0xC0, 0x00, 
0x00, 0x3C, 0x03, 0xC0, 0x00, 
0x00, 0x7C, 0x03, 0xE0, 0x00, 
0x00, 0x78, 0x01, 0xE0, 0x00, 
0x00, 0x78, 0x01, 0xE0, 0x00, 
0x00, 0x78, 0x01, 0xE0, 0x00, 
0x00, 0x78, 0x01, 0xE0, 0x00, 
0x00, 0x78, 0x01, 0xE0, 0x00, 
0x00, 0x78, 0x01, 0xE0, 0x00, 
0x00, 0x7C, 0x03, 0xE0, 0x00, 
0x00, 0x3C, 0x03, 0xC0, 0x00, 
0x00, 0x3E, 0x07, 0xC0, 0x00, 
0x00, 0x1F, 0x0F, 0x80, 0x00, 
0x00, 0x0F, 0xFF, 0x00, 0x00, 
0x00, 0x07, 0xFE, 0x00, 0x00, 
0x00, 0x01, 0xF8, 0x00, 0x00, 
0x00, 0x00, 0x00, 0x00, 0x00, 
0x00, 0x00, 0x00, 0x00, 0x00, 
0x00, 0x00, 0x00, 0x00, 0x00, 
0x00, 0x00, 0x00, 0x00, 0x00, 
0x00, 0x00, 0x00, 0x00, 0x00, 
0x00, 0x00, 0x00, 0x00, 0x00, 
0x00, 0x00, 0x00, 0x00, 0x00, 
0x00, 0x00, 0x00, 0x00, 0x00, 

// @14400 'p'
0x00, 0x00, 0x00, 0x00, 0x00, 
0x00, 0x00, 0x00, 0x00, 0x00, 
0x00, 0x00, 0x00, 0x00, 0x00, 
0x00, 0x00, 0x00, 0x00, 0x00, 
0x00, 0x78, 0xFC, 0x00, 0x00, 
0x00, 0x7B, 0xFF, 0x00, 0x00, 
0x00, 0x7F, 0xFF, 0x80, 0x00, 
0x00, 0x7F, 0x0F, 0x80, 0x00, 
0x00, 0x7E, 0x07, 0xC0, 0x00, 
0x00, 0x7C, 0x03, 0xC0, 0x00, 
0x00, 0x78, 0x03, 0xE0, 0x00, 
0x00, 0x78, 0x01, 0xE0, 0x00, 
0x00, 0x78, 0x01, 0xE0, 0x00, 
0x00, 0x78, 0x01, 0xE0, 0x00, 
0x00, 0x78, 0x01, 0xE0, 0x00, 
0x00, 0x78, 0x01, 0xE0, 0x00, 
0x00, 0x78, 0x01, 0xE0, 0x00, 
0x00, 0x7C, 0x03, 0xE0, 0x00, 
0x00, 0x7C, 0x03, 0xC0, 0x00, 
0x00, 0x7E, 0x07, 0xC0, 0x00, 
0x00, 0x7F, 0x0F, 0x80, 0x00, 
0x00, 0x7F, 0xFF, 0x80, 0x00, 
0x00, 0x7B, 0xFF, 0x00, 0x00, 
0x00, 0x78, 0xFC, 0x00, 0x00, 
0x00, 0x78, 0x00, 0x00, 0x00, 
0x00, 0x78, 0x00, 0x00, 0x00, 
0x00, 0x78, 0x00, 0x00, 0x00, 
0x00, 0x78, 0x00, 0x00, 0x00, 
0x00, 0x78, 0x00, 0x00, 0x00, 
0x00, 0x78, 0x00, 0x00, 0x00, 
0x00, 0x78, 0x00, 0x00, 0x00, 
0x00, 0x00, 0x00, 0x00, 0x00, 
0x00, 0x00, 0x00, 0x00, 0x00, 
0x00, 0x00, 0x00, 0x00, 0x00, 
0x00, 0x00, 0x00, 0x00, 0x00, 
0x00, 0x00, 0x00, 0x00, 0x00, 

// @14580 'q'
0x00, 0x00, 0x00, 0x00, 0x00, 
0x00, 0x00, 0x00, 0x00, 0x00, 
0x00, 0x00, 0x00, 0x00, 0x00, 
0x00, 0x00, 0x00, 0x00, 0x00, 
0x00, 0x07, 0xE3, 0xC0, 0x00, 
0x00, 0x1F, 0xFB, 0xC0, 0x00, 
0x00, 0x3F, 0xFF, 0xC0, 0x00, 
0x00, 0x3E, 0x1F, 0xC0, 0x00, 
0x00, 0x7C, 0x0F, 0xC0, 0x00, 
0x00, 0x78, 0x07, 0xC0, 0x00, 
0x00, 0xF0, 0x07, 0xC0, 0x00, 
0x00, 0xF0, 0x03, 0xC0, 0x00, 
0x00, 0xF0, 0x03, 0xC0, 0x00, 
0x00, 0xF0, 0x03, 0xC0, 0x00, 
0x00, 0xF0, 0x03, 0xC0, 0x00, 
0x00, 0xF0, 0x03, 0xC0, 0x00, 
0x00, 0xF0, 0x03, 0xC0, 0x00, 
0x00, 0xF8, 0x07, 0xC0, 0x00, 
0x00, 0x78, 0x07, 0xC0, 0x00, 
0x00, 0x7C, 0x0F, 0xC0, 0x00, 
0x00, 0x3E, 0x1F, 0xC0, 0x00, 
0x00, 0x3F, 0xFF, 0xC0, 0x00, 
0x00, 0x1F, 0xFB, 0xC0, 0x00, 
0x00, 0x07, 0xE3, 0xC0, 0x00, 
0x00, 0x00, 0x03, 0xC0, 0x00, 
0x00, 0x00, 0x03, 0xC0, 0x00, 
0x00, 0x00, 0x03, 0xC0, 0x00, 
0x00, 0x00, 0x03, 0xC0, 0x00, 
0x00, 0x00, 0x03, 0xC0, 0x00, 
0x00, 0x00, 0x03, 0xC0, 0x00, 
0x00, 0x00, 0x03, 0xC0, 0x00, 
0x00, 0x00, 0x00, 0x00, 0x00, 
0x00, 0x00, 0x00, 0x00, 0x00, 
0x00, 0x00, 0x00, 0x00, 0x00, 
0x00, 0x00, 0x00, 0x00, 0x00, 
0x00, 0x00, 0x00, 0x00, 0x00, 

// @14760 'r'
0x00, 0x00, 0x00, 0x00, 0x00, 
0x00, 0x00, 0x00, 0x00, 0x00, 
0x00, 0x00, 0x00, 0x00, 0x00, 
0x00, 0x00, 0x00, 0x00, 0x00, 
0x00, 0x00, 0x00, 0x00, 0x00, 
0x00, 0x00, 0x00, 0x00, 0x00, 
0x00, 0x00, 0x00, 0x00, 0x00, 
0x00, 0x00, 0x00, 0x00, 0x00, 
0x00, 0x07, 0x87, 0x80, 0x00, 
0x00, 0x07, 0x9F, 0x80, 0x00, 
0x00, 0x07, 0xBF, 0x80, 0x00, 
0x00, 0x07, 0xF0, 0x00, 0x00, 
0x00, 0x07, 0xE0, 0x00, 0x00, 
0x00, 0x07, 0xC0, 0x00, 0x00, 
0x00, 0x07, 0x80, 0x00, 0x00, 
0x00, 0x07, 0x80, 0x00, 0x00, 
0x00, 0x07, 0x80, 0x00, 0x00, 
0x00, 0x07, 0x80, 0x00, 0x00, 
0x00, 0x07, 0x80, 0x00, 0x00, 
0x00, 0x07, 0x80, 0x00, 0x00, 
0x00, 0x07, 0x80, 0x00, 0x00, 
0x00, 0x07, 0x80, 0x00, 0x00, 
0x00, 0x07, 0x80, 0x00, 0x00, 
0x00, 0x07, 0x80, 0x00, 0x00, 
0x00, 0x07, 0x80, 0x00, 0x00, 
0x00, 0x07, 0x80, 0x00, 0x00, 
0x00, 0x07, 0x80, 0x00, 0x00, 
0x00, 0x07, 0x80, 0x00, 0x00, 
0x00, 0x00, 0x00, 0x00, 0x00, 
0x00, 0x00, 0x00, 0x00, 0x00, 
0x00, 0x00, 0x00, 0x00, 0x00, 
0x00, 0x00, 0x00, 0x00, 0x00, 
0x00, 0x00, 0x00, 0x00, 0x00, 
0x00, 0x00, 0x00, 0x00, 0x00, 
0x00, 0x00, 0x00, 0x00, 0x00, 
0x00, 0x00, 0x00, 0x00, 0x00, 

// @14940 's'
0x00, 0x00, 0x00, 0x00, 0x00, 
0x00, 0x00, 0x00, 0x00, 0x00, 
0x00, 0x00, 0x00, 0x00, 0x00, 
0x00, 0x00, 0x00, 0x00, 0x00, 
0x00, 0x00, 0x00, 0x00, 0x00, 
0x00, 0x00, 0x00, 0x00, 0x00, 
0x00, 0x00, 0x00, 0x00, 0x00, 
0x00, 0x00, 0x00, 0x00, 0x00, 
0x00, 0x03, 0xFC, 0x00, 0x00, 
0x00, 0x0F, 0xFF, 0x00, 0x00, 
0x00, 0x1F, 0xFF, 0x00, 0x00, 
0x00, 0x3E, 0x03, 0x00, 0x00, 
0x00, 0x3C, 0x00, 0x00, 0x00, 
0x00, 0x3C, 0x00, 0x00, 0x00, 
0x00, 0x3C, 0x00, 0x00, 0x00, 
0x00, 0x3F, 0x00, 0x00, 0x00, 
0x00, 0x1F, 0xF0, 0x00, 0x00, 
0x00, 0x0F, 0xFC, 0x00, 0x00, 
0x00, 0x01, 0xFF, 0x00, 0x00, 
0x00, 0x00, 0x1F, 0x00, 0x00, 
0x00, 0x00, 0x07, 0x80, 0x00, 
0x00, 0x00, 0x07, 0x80, 0x00, 
0x00, 0x00, 0x07, 0x80, 0x00, 
0x00, 0x20, 0x07, 0x80, 0x00, 
0x00, 0x38, 0x1F, 0x00, 0x00, 
0x00, 0x3F, 0xFF, 0x00, 0x00, 
0x00, 0x1F, 0xFE, 0x00, 0x00, 
0x00, 0x03, 0xF8, 0x00, 0x00, 
0x00, 0x00, 0x00, 0x00, 0x00, 
0x00, 0x00, 0x00, 0x00, 0x00, 
0x00, 0x00, 0x00, 0x00, 0x00, 
0x00, 0x00, 0x00, 0x00, 0x00, 
0x00, 0x00, 0x00, 0x00, 0x00, 
0x00, 0x00, 0x00, 0x00, 0x00, 
0x00, 0x00, 0x00, 0x00, 0x00, 
0x00, 0x00, 0x00, 0x00, 0x00, 

// @15120 't'
0x00, 0x00, 0x00, 0x00, 0x00, 
0x00, 0x00, 0x00, 0x00, 0x00, 
0x00, 0x00, 0x00, 0x00, 0x00, 
0x00, 0x00, 0x00, 0x00, 0x00, 
0x00, 0x00, 0x00, 0x00, 0x00, 
0x00, 0x03, 0xC0, 0x00, 0x00, 
0x00, 0x03, 0xC0, 0x00, 0x00, 
0x00, 0x03, 0xC0, 0x00, 0x00, 
0x00, 0x03, 0xC0, 0x00, 0x00, 
0x00, 0x03, 0xC0, 0x00, 0x00, 
0x00, 0x03, 0xC0, 0x00, 0x00, 
0x00, 0x0F, 0xFF, 0x80, 0x00, 
0x00, 0x0F, 0xFF, 0x80, 0x00, 
0x00, 0x0F, 0xFF, 0x80, 0x00, 
0x00, 0x03, 0xC0, 0x00, 0x00, 
0x00, 0x03, 0xC0, 0x00, 0x00, 
0x00, 0x03, 0xC0, 0x00, 0x00, 
0x00, 0x03, 0xC0, 0x00, 0x00, 
0x00, 0x03, 0xC0, 0x00, 0x00, 
0x00, 0x03, 0xC0, 0x00, 0x00, 
0x00, 0x03, 0xC0, 0x00, 0x00, 
0x00, 0x03, 0xC0, 0x00, 0x00, 
0x00, 0x03, 0xC0, 0x00, 0x00, 
0x00, 0x03, 0xC0, 0x00, 0x00, 
0x00, 0x03, 0xC0, 0x00, 0x00, 
0x00, 0x03, 0xC0, 0x00, 0x00, 
0x00, 0x03, 0xC0, 0x00, 0x00, 
0x00, 0x03, 0xE0, 0x00, 0x00, 
0x00, 0x01, 0xFF, 0x80, 0x00, 
0x00, 0x00, 0xFF, 0x80, 0x00, 
0x00, 0x00, 0x7F, 0x80, 0x00, 
0x00, 0x00, 0x00, 0x00, 0x00, 
0x00, 0x00, 0x00, 0x00, 0x00, 
0x00, 0x00, 0x00, 0x00, 0x00, 
0x00, 0x00, 0x00, 0x00, 0x00, 
0x00, 0x00, 0x00, 0x00, 0x00, 

// @15300 'u'
0x00, 0x00, 0x00, 0x00, 0x00, 
0x00, 0x00, 0x00, 0x00, 0x00, 
0x00, 0x00, 0x00, 0x00, 0x00, 
0x00, 0x00, 0x00, 0x00, 0x00, 
0x00, 0x00, 0x00, 0x00, 0x00, 
0x00, 0x00, 0x00, 0x00, 0x00, 
0x00, 0x00, 0x00, 0x00, 0x00, 
0x00, 0x00, 0x00, 0x00, 0x00, 
0x00, 0x78, 0x07, 0x80, 0x00, 
0x00, 0x78, 0x07, 0x80, 0x00, 
0x00, 0x78, 0x07, 0x80, 0x00, 
0x00, 0x78, 0x07, 0x80, 0x00, 
0x00, 0x78, 0x07, 0x80, 0x00, 
0x00, 0x78, 0x07, 0x80, 0x00, 
0x00, 0x78, 0x07, 0x80, 0x00, 
0x00, 0x78, 0x07, 0x80, 0x00, 
0x00, 0x78, 0x07, 0x80, 0x00, 
0x00, 0x78, 0x07, 0x80, 0x00, 
0x00, 0x78, 0x07, 0x80, 0x00, 
0x00, 0x78, 0x07, 0x80, 0x00, 
0x00, 0x78, 0x07, 0x80, 0x00, 
0x00, 0x78, 0x07, 0x80, 0x00, 
0x00, 0x78, 0x0F, 0x80, 0x00, 
0x00, 0x7C, 0x0F, 0x80, 0x00, 
0x00, 0x3E, 0x3F, 0x80, 0x00, 
0x00, 0x3F, 0xF7, 0x80, 0x00, 
0x00, 0x1F, 0xE7, 0x80, 0x00, 
0x00, 0x07, 0xC7, 0x80, 0x00, 
0x00, 0x00, 0x00, 0x00, 0x00, 
0x00, 0x00, 0x00, 0x00, 0x00, 
0x00, 0x00, 0x00, 0x00, 0x00, 
0x00, 0x00, 0x00, 0x00, 0x00, 
0x00, 0x00, 0x00, 0x00, 0x00, 
0x00, 0x00, 0x00, 0x00, 0x00, 
0x00, 0x00, 0x00, 0x00, 0x00, 
0x00, 0x00, 0x00, 0x00, 0x00, 

// @15480 'v'
0x00, 0x00, 0x00, 0x00, 0x00, 
0x00, 0x00, 0x00, 0x00, 0x00, 
0x00, 0x00, 0x00, 0x00, 0x00, 
0x00, 0x00, 0x00, 0x00, 0x00, 
0x00, 0x00, 0x00, 0x00, 0x00, 
0x00, 0x00, 0x00, 0x00, 0x00, 
0x00, 0x00, 0x00, 0x00, 0x00, 
0x00, 0x00, 0x00, 0x00, 0x00, 
0x00, 0xF0, 0x01, 0xE0, 0x00, 
0x00, 0x78, 0x03, 0xC0, 0x00, 
0x00, 0x78, 0x03, 0xC0, 0x00, 
0x00, 0x7C, 0x07, 0xC0, 0x00, 
0x00, 0x3C, 0x07, 0x80, 0x00, 
0x00, 0x3C, 0x07, 0x80, 0x00, 
0x00, 0x3E, 0x0F, 0x80, 0x00, 
0x00, 0x1E, 0x0F, 0x00, 0x00, 
0x00, 0x1E, 0x0F, 0x00, 0x00, 
0x00, 0x1F, 0x1F, 0x00, 0x00, 
0x00, 0x0F, 0x1E, 0x00, 0x00, 
0x00, 0x0F, 0x1E, 0x00, 0x00, 
0x00, 0x07, 0xBC, 0x00, 0x00, 
0x00, 0x07, 0xBC, 0x00, 0x00, 
0x00, 0x07, 0xFC, 0x00, 0x00, 
0x00, 0x03, 0xF8, 0x00, 0x00, 
0x00, 0x03, 0xF8, 0x00, 0x00, 
0x00, 0x03, 0xF8, 0x00, 0x00, 
0x00, 0x01, 0xF0, 0x00, 0x00, 
0x00, 0x01, 0xF0, 0x00, 0x00, 
0x00, 0x00, 0x00, 0x00, 0x00, 
0x00, 0x00, 0x00, 0x00, 0x00, 
0x00, 0x00, 0x00, 0x00, 0x00, 
0x00, 0x00, 0x00, 0x00, 0x00, 
0x00, 0x00, 0x00, 0x00, 0x00, 
0x00, 0x00, 0x00, 0x00, 0x00, 
0x00, 0x00, 0x00, 0x00, 0x00, 
0x00, 0x00, 0x00, 0x00, 0x00, 

// @15660 'w'
0x00, 0x00, 0x00, 0x00, 0x00, 
0x00, 0x00, 0x00, 0x00, 0x00, 
0x00, 0x00, 0x00, 0x00, 0x00, 
0x00, 0x00, 0x00, 0x00, 0x00, 
0x00, 0x00, 0x00, 0x00, 0x00, 
0x00, 0x00, 0x00, 0x00, 0x00, 
0x00, 0x00, 0x00, 0x00, 0x00, 
0x00, 0x00, 0x00, 0x00, 0x00, 
0x07, 0x80, 0xF0, 0x1E, 0x00, 
0x07, 0xC1, 0xF8, 0x3E, 0x00, 
0x03, 0xC1, 0xF8, 0x3C, 0x00, 
0x03, 0xC1, 0xF8, 0x3C, 0x00, 
0x03, 0xC1, 0xF8, 0x3C, 0x00, 
0x03, 0xE3, 0xFC, 0x7C, 0x00, 
0x01, 0xE3, 0x9C, 0x78, 0x00, 
0x01, 0xE3, 0x9C, 0x78, 0x00, 
0x01, 0xE3, 0x9C, 0x78, 0x00, 
0x01, 0xF7, 0x8E, 0xF8, 0x00, 
0x00, 0xF7, 0x0E, 0xF0, 0x00, 
0x00, 0xF7, 0x0E, 0xF0, 0x00, 
0x00, 0xF7, 0x0E, 0xF0, 0x00, 
0x00, 0xFF, 0x07, 0xF0, 0x00, 
0x00, 0x7E, 0x07, 0xE0, 0x00, 
0x00, 0x7E, 0x07, 0xE0, 0x00, 
0x00, 0x7E, 0x07, 0xE0, 0x00, 
0x00, 0x7C, 0x03, 0xE0, 0x00, 
0x00, 0x3C, 0x03, 0xC0, 0x00, 
0x00, 0x3C, 0x03, 0xC0, 0x00, 
0x00, 0x00, 0x00, 0x00, 0x00, 
0x00, 0x00, 0x00, 0x00, 0x00, 
0x00, 0x00, 0x00, 0x00, 0x00, 
0x00, 0x00, 0x00, 0x00, 0x00, 
0x00, 0x00, 0x00, 0x00, 0x00, 
0x00, 0x00, 0x00, 0x00, 0x00, 
0x00, 0x00, 0x00, 0x00, 0x00, 
0x00, 0x00, 0x00, 0x00, 0x00, 

// @15840 'x'
0x00, 0x00, 0x00, 0x00, 0x00, 
0x00, 0x00, 0x00, 0x00, 0x00, 
0x00, 0x00, 0x00, 0x00, 0x00, 
0x00, 0x00, 0x00, 0x00, 0x00, 
0x00, 0x00, 0x00, 0x00, 0x00, 
0x00, 0x00, 0x00, 0x00, 0x00, 
0x00, 0x00, 0x00, 0x00, 0x00, 
0x00, 0x00, 0x00, 0x00, 0x00, 
0x00, 0x7C, 0x03, 0xE0, 0x00, 
0x00, 0x3E, 0x07, 0xC0, 0x00, 
0x00, 0x1F, 0x0F, 0x80, 0x00, 
0x00, 0x0F, 0x9F, 0x00, 0x00, 
0x00, 0x0F, 0x9F, 0x00, 0x00, 
0x00, 0x07, 0xFE, 0x00, 0x00, 
0x00, 0x03, 0xFC, 0x00, 0x00, 
0x00, 0x03, 0xFC, 0x00, 0x00, 
0x00, 0x01, 0xF8, 0x00, 0x00, 
0x00, 0x00, 0xF0, 0x00, 0x00, 
0x00, 0x01, 0xF0, 0x00, 0x00, 
0x00, 0x03, 0xF8, 0x00, 0x00, 
0x00, 0x03, 0xFC, 0x00, 0x00, 
0x00, 0x07, 0xFE, 0x00, 0x00, 
0x00, 0x0F, 0xBE, 0x00, 0x00, 
0x00, 0x1F, 0x1F, 0x00, 0x00, 
0x00, 0x1F, 0x0F, 0x80, 0x00, 
0x00, 0x3E, 0x0F, 0x80, 0x00, 
0x00, 0x7C, 0x07, 0xC0, 0x00, 
0x00, 0xF8, 0x03, 0xE0, 0x00, 
0x00, 0x00, 0x00, 0x00, 0x00, 
0x00, 0x00, 0x00, 0x00, 0x00, 
0x00, 0x00, 0x00, 0x00, 0x00, 
0x00, 0x00, 0x00, 0x00, 0x00, 
0x00, 0x00, 0x00, 0x00, 0x00, 
0x00, 0x00, 0x00, 0x00, 0x00, 
0x00, 0x00, 0x00, 0x00, 0x00, 
0x00, 0x00, 0x00, 0x00, 0x00, 

// @16020 'y'
0x00, 0x00, 0x00, 0x00, 0x00, 
0x00, 0x00, 0x00, 0x00, 0x00, 
0x00, 0x00, 0x00, 0x00, 0x00, 
0x00, 0x00, 0x00, 0x00, 0x00, 
0x00, 0xF8, 0x03, 0xE0, 0x00, 
0x00, 0x78, 0x03, 0xC0, 0x00, 
0x00, 0x78, 0x03, 0xC0, 0x00, 
0x00, 0x7C, 0x07, 0xC0, 0x00, 
0x00, 0x3C, 0x07, 0x80, 0x00, 
0x00, 0x3E, 0x0F, 0x80, 0x00, 
0x00, 0x1E, 0x0F, 0x00, 0x00, 
0x00, 0x1E, 0x0F, 0x00, 0x00, 
0x00, 0x0F, 0x1F, 0x00, 0x00, 
0x00, 0x0F, 0x1E, 0x00, 0x00, 
0x00, 0x0F, 0xBE, 0x00, 0x00, 
0x00, 0x07, 0xBC, 0x00, 0x00, 
0x00, 0x07, 0xFC, 0x00, 0x00, 
0x00, 0x03, 0xFC, 0x00, 0x00, 
0x00, 0x03, 0xF8, 0x00, 0x00, 
0x00, 0x03, 0xF8, 0x00, 0x00, 
0x00, 0x01, 0xF0, 0x00, 0x00, 
0x00, 0x01, 0xF0, 0x00, 0x00, 
0x00, 0x01, 0xF0, 0x00, 0x00, 
0x00, 0x01, 0xE0, 0x00, 0x00, 
0x00, 0x03, 0xE0, 0x00, 0x00, 
0x00, 0x03, 0xC0, 0x00, 0x00, 
0x00, 0x07, 0xC0, 0x00, 0x00, 
0x00, 0x07, 0xC0, 0x00, 0x00, 
0x00, 0x3F, 0x80, 0x00, 0x00, 
0x00, 0x3F, 0x00, 0x00, 0x00, 
0x00, 0x3E, 0x00, 0x00, 0x00, 
0x00, 0x00, 0x00, 0x00, 0x00, 
0x00, 0x00, 0x00, 0x00, 0x00, 
0x00, 0x00, 0x00, 0x00, 0x00, 
0x00, 0x00, 0x00, 0x00, 0x00, 
0x00, 0x00, 0x00, 0x00, 0x00, 

// @16200 'z'
0x00, 0x00, 0x00, 0x00, 0x00, 
0x00, 0x00, 0x00, 0x00, 0x00, 
0x00, 0x00, 0x00, 0x00, 0x00, 
0x00, 0x00, 0x00, 0x00, 0x00, 
0x00, 0x00, 0x00, 0x00, 0x00, 
0x00, 0x00, 0x00, 0x00, 0x00, 
0x00, 0x00, 0x00, 0x00, 0x00, 
0x00, 0x00, 0x00, 0x00, 0x00, 
0x00, 0x3F, 0xFF, 0xC0, 0x00, 
0x00, 0x3F, 0xFF, 0xC0, 0x00, 
0x00, 0x3F, 0xFF, 0xC0, 0x00, 
0x00, 0x00, 0x07, 0xC0, 0x00, 
0x00, 0x00, 0x0F, 0x80, 0x00, 
0x00, 0x00, 0x1F, 0x00, 0x00, 
0x00, 0x00, 0x3E, 0x00, 0x00, 
0x00, 0x00, 0x7E, 0x00, 0x00, 
0x00, 0x00, 0x7C, 0x00, 0x00, 
0x00, 0x00, 0xF8, 0x00, 0x00, 
0x00, 0x01, 0xF0, 0x00, 0x00, 
0x00, 0x03, 0xF0, 0x00, 0x00, 
0x00, 0x03, 0xE0, 0x00, 0x00, 
0x00, 0x07, 0xC0, 0x00, 0x00, 
0x00, 0x0F, 0x80, 0x00, 0x00, 
0x00, 0x1F, 0x80, 0x00, 0x00, 
0x00, 0x3F, 0x00, 0x00, 0x00, 
0x00, 0x3F, 0xFF, 0xC0, 0x00, 
0x00, 0x3F, 0xFF, 0xC0, 0x00, 
0x00, 0x3F, 0xFF, 0xC0, 0x00, 
0x00, 0x00, 0x00, 0x00, 0x00, 
0x00, 0x00, 0x00, 0x00, 0x00, 
0x00, 0x00, 0x00, 0x00, 0x00, 
0x00, 0x00, 0x00, 0x00, 0x00, 
0x00, 0x00, 0x00, 0x00, 0x00, 
0x00, 0x00, 0x00, 0x00, 0x00, 
0x00, 0x00, 0x00, 0x00, 0x00, 
0x00, 0x00, 0x00, 0x00, 0x00, 

// @16380 '{'
0x00, 0x00, 0x00, 0x00, 0x00, 
0x00, 0x00, 0x1F, 0x80, 0x00, 
0x00, 0x00, 0x7F, 0x80, 0x00, 
0x00, 0x00, 0x7F, 0x80, 0x00, 
0x00, 0x00, 0xF8, 0x00, 0x00, 
0x00, 0x00, 0xF0, 0x00, 0x00, 
0x00, 0x00, 0xF0, 0x00, 0x00, 
0x00, 0x00, 0xF0, 0x00, 0x00, 
0x00, 0x00, 0xF0, 0x00, 0x00, 
0x00, 0x00, 0xF0, 0x00, 0x00, 
0x00, 0x00, 0xF0, 0x00, 0x00, 
0x00, 0x00, 0xF0, 0x00, 0x00, 
0x00, 0x00, 0xF0, 0x00, 0x00, 
0x00, 0x00, 0xF0, 0x00, 0x00, 
0x00, 0x01, 0xF0, 0x00, 0x00, 
0x00, 0x01, 0xE0, 0x00, 0x00, 
0x00, 0x1F, 0xC0, 0x00, 0x00, 
0x00, 0x1F, 0x00, 0x00, 0x00, 
0x00, 0x1F, 0xC0, 0x00, 0x00, 
0x00, 0x03, 0xE0, 0x00, 0x00, 
0x00, 0x01, 0xF0, 0x00, 0x00, 
0x00, 0x00, 0xF0, 0x00, 0x00, 
0x00, 0x00, 0xF0, 0x00, 0x00, 
0x00, 0x00, 0xF0, 0x00, 0x00, 
0x00, 0x00, 0xF0, 0x00, 0x00, 
0x00, 0x00, 0xF0, 0x00, 0x00, 
0x00, 0x00, 0xF0, 0x00, 0x00, 
0x00, 0x00, 0xF0, 0x00, 0x00, 
0x00, 0x00, 0xF0, 0x00, 0x00, 
0x00, 0x00, 0xF0, 0x00, 0x00, 
0x00, 0x00, 0xF8, 0x00, 0x00, 
0x00, 0x00, 0x7F, 0x80, 0x00, 
0x00, 0x00, 0x7F, 0x80, 0x00, 
0x00, 0x00, 0x1F, 0x80, 0x00, 
0x00, 0x00, 0x00, 0x00, 0x00, 
0x00, 0x00, 0x00, 0x00, 0x00, 

// @16560 '|'
0x00, 0x00, 0x70, 0x00, 0x00, 
0x00, 0x00, 0x70, 0x00, 0x00, 
0x00, 0x00, 0x70, 0x00, 0x00, 
0x00, 0x00, 0x70, 0x00, 0x00, 
0x00, 0x00, 0x70, 0x00, 0x00, 
0x00, 0x00, 0x70, 0x00, 0x00, 
0x00, 0x00, 0x70, 0x00, 0x00, 
0x00, 0x00, 0x70, 0x00, 0x00, 
0x00, 0x00, 0x70, 0x00, 0x00, 
0x00, 0x00, 0x70, 0x00, 0x00, 
0x00, 0x00, 0x70, 0x00, 0x00, 
0x00, 0x00, 0x70, 0x00, 0x00, 
0x00, 0x00, 0x70, 0x00, 0x00, 
0x00, 0x00, 0x70, 0x00, 0x00, 
0x00, 0x00, 0x70, 0x00, 0x00, 
0x00, 0x00, 0x70, 0x00, 0x00, 
0x00, 0x00, 0x70, 0x00, 0x00, 
0x00, 0x00, 0x70, 0x00, 0x00, 
0x00, 0x00, 0x70, 0x00, 0x00, 
0x00, 0x00, 0x70, 0x00, 0x00, 
0x00, 0x00, 0x70, 0x00, 0x00, 
0x00, 0x00, 0x70, 0x00, 0x00, 
0x00, 0x00, 0x70, 0x00, 0x00, 
0x00, 0x00, 0x70, 0x00, 0x00, 
0x00, 0x00, 0x70, 0x00, 0x00, 
0x00, 0x00, 0x70, 0x00, 0x00, 
0x00, 0x00, 0x70, 0x00, 0x00, 
0x00, 0x00, 0x70, 0x00, 0x00, 
0x00, 0x00, 0x70, 0x00, 0x00, 
0x00, 0x00, 0x70, 0x00, 0x00, 
0x00, 0x00, 0x70, 0x00, 0x00, 
0x00, 0x00, 0x70, 0x00, 0x00, 
0x00, 0x00, 0x70, 0x00, 0x00, 
0x00, 0x00, 0x70, 0x00, 0x00, 
0x00, 0x00, 0x70, 0x00, 0x00, 
0x00, 0x00, 0x70, 0x00, 0x00, 

// @16740 '}'
0x00, 0x00, 0x00, 0x00, 0x00, 
0x00, 0x1F, 0x80, 0x00, 0x00, 
0x00, 0x1F, 0xE0, 0x00, 0x00, 
0x00, 0x1F, 0xE0, 0x00, 0x00, 
0x00, 0x01, 0xF0, 0x00, 0x00, 
0x00, 0x00, 0xF0, 0x00, 0x00, 
0x00, 0x00, 0xF0, 0x00, 0x00, 
0x00, 0x00, 0xF0, 0x00, 0x00, 
0x00, 0x00, 0xF0, 0x00, 0x00, 
0x00, 0x00, 0xF0, 0x00, 0x00, 
0x00, 0x00, 0xF0, 0x00, 0x00, 
0x00, 0x00, 0xF0, 0x00, 0x00, 
0x00, 0x00, 0xF0, 0x00, 0x00, 
0x00, 0x00, 0xF0, 0x00, 0x00, 
0x00, 0x00, 0xF0, 0x00, 0x00, 
0x00, 0x00, 0x78, 0x00, 0x00, 
0x00, 0x00, 0x3F, 0x80, 0x00, 
0x00, 0x00, 0x0F, 0x80, 0x00, 
0x00, 0x00, 0x3F, 0x80, 0x00, 
0x00, 0x00, 0x7C, 0x00, 0x00, 
0x00, 0x00, 0xF0, 0x00, 0x00, 
0x00, 0x00, 0xF0, 0x00, 0x00, 
0x00, 0x00, 0xF0, 0x00, 0x00, 
0x00, 0x00, 0xF0, 0x00, 0x00, 
0x00, 0x00, 0xF0, 0x00, 0x00, 
0x00, 0x00, 0xF0, 0x00, 0x00, 
0x00, 0x00, 0xF0, 0x00, 0x00, 
0x00, 0x00, 0xF0, 0x00, 0x00, 
0x00, 0x00, 0xF0, 0x00, 0x00, 
0x00, 0x00, 0xF0, 0x00, 0x00, 
0x00, 0x01, 0xF0, 0x00, 0x00, 
0x00, 0x1F, 0xE0, 0x00, 0x00, 
0x00, 0x1F, 0xE0, 0x00, 0x00, 
0x00, 0x1F, 0x80, 0x00, 0x00, 
0x00, 0x00, 0x00, 0x00, 0x00, 
0x00, 0x00, 0x00, 0x00, 0x00, 

// @ASCII 126 '~' (Symbole Degré ° - Font36)
0x00, 0x00, 0x00, 0x00, 0x00, //
0x00, 0x00, 0x00, 0x00, 0x00, //
0x00, 0x0F, 0x00, 0x00, 0x00, //        ########
0x00, 0x3F, 0xC0, 0x00, 0x00, //      ############
0x00, 0x70, 0xE0, 0x00, 0x00, //     ###        ###
0x00, 0x60, 0x60, 0x00, 0x00, //    ###          ###
0x00, 0x60, 0x60, 0x00, 0x00, //    ###          ###
0x00, 0x60, 0x60, 0x00, 0x00, //    ###          ###
0x00, 0x70, 0xE0, 0x00, 0x00, //     ###        ###
0x00, 0x3F, 0xC0, 0x00, 0x00, //      ############
0x00, 0x0F, 0x00, 0x00, 0x00, //        ########
0x00, 0x00, 0x00, 0x00, 0x00, //
0x00, 0x00, 0x00, 0x00, 0x00, //
0x00, 0x00, 0x00, 0x00, 0x00, //
0x00, 0x00, 0x00, 0x00, 0x00, //
0x00, 0x00, 0x00, 0x00, 0x00, //
0x00, 0x00, 0x00, 0x00, 0x00, //
0x00, 0x00, 0x00, 0x00, 0x00, //
0x00, 0x00, 0x00, 0x00, 0x00, //
0x00, 0x00, 0x00, 0x00, 0x00, //
0x00, 0x00, 0x00, 0x00, 0x00, //
0x00, 0x00, 0x00, 0x00, 0x00, //
0x00, 0x00, 0x00, 0x00, 0x00, //
0x00, 0x00, 0x00, 0x00, 0x00, //
0x00, 0x00, 0x00, 0x00, 0x00, //
0x00, 0x00, 0x00, 0x00, 0x00, //
0x00, 0x00, 0x00, 0x00, 0x00, //
0x00, 0x00, 0x00, 0x00, 0x00, //
0x00, 0x00, 0x00, 0x00, 0x00, //
0x00, 0x00, 0x00, 0x00, 0x00, //
0x00, 0x00, 0x00, 0x00, 0x00, //
0x00, 0x00, 0x00, 0x00, 0x00, //
0x00, 0x00, 0x00, 0x00, 0x00, //
0x00, 0x00, 0x00, 0x00, 0x00, //
0x00, 0x00, 0x00, 0x00, 0x00, //
0x00, 0x00, 0x00, 0x00, 0x00, //
};

sFONT Font36 = {
  Font36_Table,
  36, // Largeur
  36, // Hauteur
};
